<?xml version="1.0" encoding="UTF-8"?>
<!DOCTYPE sqlMap PUBLIC "-//ibatis.apache.org//DTD SQL Map 2.0//EN" "http://ibatis.apache.org/dtd/sql-map-2.dtd">

<sqlMap>

	<typeAlias alias="Cashback" type="com.cslc.dao.cashback.Cashback" />

	<sql id="Cashback.RESULT">
		accountid,submittime,paychannel,amount,createtime,bankcardid,bonus,fee,id,selfitemid,status,income
	</sql>

	<sql id="Cashback.WHERE">
		<dynamic prepend="where">
			<isNotEmpty prepend="and" property="accountid"> accountid = #accountid:BIGINT# </isNotEmpty>
			<isNotEmpty prepend="and" property="submittime"> submittime = #submittime:DATETIME# </isNotEmpty>
			<isNotEmpty prepend="and" property="paychannel"> paychannel = #paychannel:TINYINT# </isNotEmpty>
			<isNotEmpty prepend="and" property="amount"> amount = #amount:DECIMAL# </isNotEmpty>
			<isNotEmpty prepend="and" property="income"> income = #income:DECIMAL# </isNotEmpty>
			<isNotEmpty prepend="and" property="createtimeGEt"> createtime <![CDATA[>=]]> #createtimeGEt:DATETIME# </isNotEmpty>
			<isNotEmpty prepend="and" property="createtimeLt"> createtime <![CDATA[<]]> #createtimeLt:DATETIME# </isNotEmpty>
			<isNotEmpty prepend="and" property="createtime"> createtime = #createtime:DATETIME# </isNotEmpty>
			<isNotEmpty prepend="and" property="bankcardid"> bankcardid = #bankcardid:BIGINT# </isNotEmpty>
			<isNotEmpty prepend="and" property="bonus"> bonus = #bonus:DECIMAL# </isNotEmpty>
			<isNotEmpty prepend="and" property="fee"> fee = #fee:DECIMAL# </isNotEmpty>
			<isNotEmpty prepend="and" property="id"> id = #id:BIGINT# </isNotEmpty>
			<isNotEmpty prepend="and" property="status"> status = #status:TINYINT# </isNotEmpty>
			<isNotEmpty prepend="and" property="selfitemid"> selfitemid = #selfitemid:VARCHAR# </isNotEmpty>
		</dynamic>
	</sql>

	<select id="Cashback.selectById" parameterClass="java.lang.Long" resultClass="Cashback">
		select <include refid="Cashback.RESULT" /> from cashback where id = #id:BIGINT#
	</select>

	<insert id="Cashback.insert" parameterClass="Cashback">
		insert into cashback
		<dynamic prepend="(">
			<isNotNull prepend="," property="accountid"> accountid </isNotNull>
			<isNotNull prepend="," property="submittime"> submittime </isNotNull>
			<isNotNull prepend="," property="paychannel"> paychannel </isNotNull>
			<isNotNull prepend="," property="amount"> amount </isNotNull>
			<isNotNull prepend="," property="income"> income </isNotNull>
			<isNotNull prepend="," property="createtime"> createtime </isNotNull>
			<isNotNull prepend="," property="bankcardid"> bankcardid </isNotNull>
			<isNotNull prepend="," property="bonus"> bonus </isNotNull>
			<isNotNull prepend="," property="fee"> fee </isNotNull>
			<isNotNull prepend="," property="status"> status </isNotNull>
			<isNotNull prepend="," property="selfitemid"> selfitemid </isNotNull>
			)
		</dynamic>
		values
		<dynamic prepend="(">
			<isNotNull prepend="," property="accountid"> #accountid:BIGINT# </isNotNull>
			<isNotNull prepend="," property="submittime"> #submittime:DATETIME# </isNotNull>
			<isNotNull prepend="," property="paychannel"> #paychannel:TINYINT# </isNotNull>
			<isNotNull prepend="," property="amount"> #amount:DECIMAL# </isNotNull>
			<isNotNull prepend="," property="income"> #income:DECIMAL# </isNotNull>
			<isNotNull prepend="," property="createtime"> #createtime:DATETIME# </isNotNull>
			<isNotNull prepend="," property="bankcardid"> #bankcardid:BIGINT# </isNotNull>
			<isNotNull prepend="," property="bonus"> #bonus:DECIMAL# </isNotNull>
			<isNotNull prepend="," property="fee"> #fee:DECIMAL# </isNotNull>
			<isNotNull prepend="," property="status"> #status:TINYINT# </isNotNull>
			<isNotNull prepend="," property="selfitemid"># selfitemid:VARCHAR# </isNotNull>
			)
		</dynamic>
		<selectKey resultClass="java.lang.Long" keyProperty="id">
			<![CDATA[SELECT LAST_INSERT_ID() AS ID ]]>
		</selectKey>
	</insert>

	<delete id="Cashback.delete" parameterClass="java.lang.Long">
		delete from cashback where id = #id:BIGINT#
	</delete>

	<update id="Cashback.update" parameterClass="Cashback">
		update cashback
		<dynamic prepend="set">
			<isNotNull prepend="," property="accountid"> accountid = #accountid:BIGINT# </isNotNull>
			<isNotNull prepend="," property="submittime"> submittime = #submittime:DATETIME# </isNotNull>
			<isNotNull prepend="," property="paychannel"> paychannel = #paychannel:TINYINT# </isNotNull>
			<isNotNull prepend="," property="amount"> amount = #amount:DECIMAL# </isNotNull>
			<isNotNull prepend="," property="income"> income = #income:DECIMAL# </isNotNull>
			<isNotNull prepend="," property="bankcardid"> bankcardid = #bankcardid:BIGINT# </isNotNull>
			<isNotNull prepend="," property="bonus"> bonus = #bonus:DECIMAL# </isNotNull>
			<isNotNull prepend="," property="fee"> fee = #fee:DECIMAL# </isNotNull>
			<isNotNull prepend="," property="status"> status = #status:TINYINT# </isNotNull>
			<isNotNull prepend="," property="selfitemid"> selfitemid = #selfitemid:VARCHAR# </isNotNull>
		</dynamic>
		<dynamic prepend="where">
		<isNotNull prepend="and" property="bankcardid"> bankcardid = #bankcardid:BIGINT# </isNotNull>
		<isNotNull prepend="and" property="accountid"> accountid = #accountid:BIGINT# </isNotNull>
		<isNotNull prepend="and" property="selfitemid"> selfitemid = #selfitemid:VARCHAR# </isNotNull>
		</dynamic>
	</update>

	<select id="Cashback.select" parameterClass="java.util.Map" resultClass="Cashback">
		select <include refid="Cashback.RESULT" /> from cashback <include refid="Cashback.WHERE" />
		<isNotNull prepend="order" property="orderBy"> by $orderBy$ </isNotNull>
		<isNotNull prepend="limit" property="size"> #first#,#size# </isNotNull>
	</select>

	<select id="Cashback.selectCount" parameterClass="java.util.Map" resultClass="java.lang.Long">
		select count(*) from cashback <include refid="Cashback.WHERE" />
	</select>

	<select id="Cashback.selectSum" parameterClass="java.util.Map" resultClass="java.lang.Double">
		select sum($field$) as sumField from cashback <include refid="Cashback.WHERE" />
	</select>

</sqlMap>
