<?xml version="1.0" encoding="UTF-8"?>
<!DOCTYPE sqlMap PUBLIC "-//ibatis.apache.org//DTD SQL Map 2.0//EN" "http://ibatis.apache.org/dtd/sql-map-2.dtd">

<sqlMap>

	<typeAlias alias="Score" type="com.cslc.dao.score.Score" />

	<sql id="Score.RESULT">
		accountid,score,rewardid,createtime,inouttype,category,id,title,status
	</sql>

	<sql id="Score.WHERE">
		<dynamic prepend="where">
			<isNotEmpty prepend="and" property="accountid"> accountid = #accountid:BIGINT# </isNotEmpty>
			<isNotEmpty prepend="and" property="score"> score = #score:INT# </isNotEmpty>
			<isNotEmpty prepend="and" property="rewardid"> rewardid = #rewardid:BIGINT# </isNotEmpty>
			<isNotEmpty prepend="and" property="createtime"> createtime = #createtime:DATETIME# </isNotEmpty>
			<isNotEmpty prepend="and" property="createtimeGEt"> createtime <![CDATA[>=]]> #createtimeGEt:DATETIME# </isNotEmpty>
			<isNotEmpty prepend="and" property="createtimeLt"> createtime <![CDATA[<]]> #createtimeLt:DATETIME# </isNotEmpty>
			<isNotEmpty prepend="and" property="inouttype"> inouttype = #inouttype:TINYINT# </isNotEmpty>
			<isNotEmpty prepend="and" property="category"> category = #category:INT# </isNotEmpty>
			<isNotEmpty prepend="and" property="id"> id = #id:BIGINT# </isNotEmpty>
			<isNotEmpty prepend="and" property="title"> title = #title:VARCHAR# </isNotEmpty>
			<isNotEmpty prepend="and" property="status"> status = #status:TINYINT# </isNotEmpty>
		</dynamic>
	</sql>

	<select id="Score.selectById" parameterClass="java.lang.Long" resultClass="Score">
		select <include refid="Score.RESULT" /> from score where id = #id:BIGINT#
	</select>

	<insert id="Score.insert" parameterClass="Score">
		insert into score
		<dynamic prepend="(">
			<isNotNull prepend="," property="accountid"> accountid </isNotNull>
			<isNotNull prepend="," property="score"> score </isNotNull>
			<isNotNull prepend="," property="rewardid"> rewardid </isNotNull>
			<isNotNull prepend="," property="createtime"> createtime </isNotNull>
			<isNotNull prepend="," property="inouttype"> inouttype </isNotNull>
			<isNotNull prepend="," property="category"> category </isNotNull>
			<isNotNull prepend="," property="title"> title </isNotNull>
			<isNotNull prepend="," property="status"> status </isNotNull>
			)
		</dynamic>
		values
		<dynamic prepend="(">
			<isNotNull prepend="," property="accountid"> #accountid:BIGINT# </isNotNull>
			<isNotNull prepend="," property="score"> #score:INT# </isNotNull>
			<isNotNull prepend="," property="rewardid"> #rewardid:BIGINT# </isNotNull>
			<isNotNull prepend="," property="createtime"> #createtime:DATETIME# </isNotNull>
			<isNotNull prepend="," property="inouttype"> #inouttype:TINYINT# </isNotNull>
			<isNotNull prepend="," property="category"> #category:INT# </isNotNull>
			<isNotNull prepend="," property="title"> #title:VARCHAR# </isNotNull>
			<isNotNull prepend="," property="status"> #status:TINYINT# </isNotNull>
			)
		</dynamic>
		<selectKey resultClass="java.lang.Long" keyProperty="id">
			<![CDATA[SELECT LAST_INSERT_ID() AS ID ]]>
		</selectKey>
	</insert>

	<delete id="Score.delete" parameterClass="java.lang.Long">
		delete from score where id = #id:BIGINT#
	</delete>

	<update id="Score.update" parameterClass="Score">
		update score
		<dynamic prepend="set">
			<isNotNull prepend="," property="accountid"> accountid = #accountid:BIGINT# </isNotNull>
			<isNotNull prepend="," property="score"> score = #score:INT# </isNotNull>
			<isNotNull prepend="," property="rewardid"> rewardid = #rewardid:BIGINT# </isNotNull>
			<isNotNull prepend="," property="inouttype"> inouttype = #inouttype:TINYINT# </isNotNull>
			<isNotNull prepend="," property="category"> category = #category:INT# </isNotNull>
			<isNotNull prepend="," property="title"> title = #title:VARCHAR# </isNotNull>
			<isNotNull prepend="," property="status"> status = #status:TINYINT# </isNotNull>
		</dynamic>
		WHERE id = #id:BIGINT#
	</update>

	<select id="Score.select" parameterClass="java.util.Map" resultClass="Score">
		select <include refid="Score.RESULT" /> from score <include refid="Score.WHERE" />
		<isNotNull prepend="order" property="orderBy"> by $orderBy$ </isNotNull>
		<isNotNull prepend="limit" property="size"> #first#,#size# </isNotNull>
	</select>

	<select id="Score.selectCount" parameterClass="java.util.Map" resultClass="java.lang.Long">
		select count(*) from score <include refid="Score.WHERE" />
	</select>

	<select id="Score.selectSum" parameterClass="java.util.Map" resultClass="java.lang.Double">
		select sum($field$) as sumField from score <include refid="Score.WHERE" />
	</select>

</sqlMap>
