<?xml version="1.0" encoding="UTF-8"?>
<!DOCTYPE sqlMap PUBLIC "-//ibatis.apache.org//DTD SQL Map 2.0//EN" "http://ibatis.apache.org/dtd/sql-map-2.dtd">

<sqlMap>

	<typeAlias alias="Accountselfitem" type="com.cslc.dao.accountselfitem.Accountselfitem" />

	<sql id="Accountselfitem.RESULT">
		accountid,score,amount,createtime,incometime,bonus,totalincome,restincome,dayincome,selfitemid,backtime,status,tradeid,bonusid
	</sql>

	<sql id="Accountselfitem.WHERE">
		<dynamic prepend="where">
			<isNotEmpty prepend="and" property="accountid"> accountid = #accountid:BIGINT# </isNotEmpty>
			<isNotEmpty prepend="and" property="bankcardid"> bankcardid = #bankcardid:BIGINT# </isNotEmpty>
			<isNotEmpty prepend="and" property="score"> score = #score:INT# </isNotEmpty>
			<isNotEmpty prepend="and" property="amount"> amount = #amount:DECIMAL# </isNotEmpty>
			<isNotEmpty prepend="and" property="createtime"> createtime = #createtime:DATETIME# </isNotEmpty>
			<isNotEmpty prepend="and" property="incometimeLEt"> incometime <![CDATA[<=]]> #incometimeLEt:DATETIME# </isNotEmpty>
			<isNotEmpty prepend="and" property="bonus"> bonus = #bonus:DECIMAL# </isNotEmpty>
			<isNotEmpty prepend="and" property="totalincome"> totalincome = #totalincome:DECIMAL# </isNotEmpty>
			<isNotEmpty prepend="and" property="restincome"> restincome = #restincome:DECIMAL# </isNotEmpty>
			<isNotEmpty prepend="and" property="restincomeGt"> restincome > #restincomeGt:DECIMAL# </isNotEmpty>
			<isNotEmpty prepend="and" property="dayincome"> dayincome = #dayincome:DECIMAL# </isNotEmpty>
			<isNotEmpty prepend="and" property="selfitemid"> selfitemid = #selfitemid:BIGINT# </isNotEmpty>
			<isNotEmpty prepend="and" property="backtime"> backtime = #backtime:DATETIME# </isNotEmpty>
			<isNotEmpty prepend="and" property="statusNE"> status <![CDATA[<>]]> #statusNE:TINYINT# </isNotEmpty>
			<isNotEmpty prepend="and" property="status"> status = #status:TINYINT# </isNotEmpty>
			<isNotEmpty prepend="and" property="tradeid"> tradeid = #tradeid:BIGINT# </isNotEmpty>
			<isNotEmpty prepend="and" property="bonusid"> bonusid = #bonusid:VARCHAR# </isNotEmpty>
			<isNotEmpty prepend="and" property="backtimeGt"> backtime > #backtimeGt:DATETIME# </isNotEmpty>
		</dynamic>
	</sql>

	<insert id="Accountselfitem.insert" parameterClass="Accountselfitem">
		insert into accountselfitem
		<dynamic prepend="(">
			<isNotNull prepend="," property="accountid"> accountid </isNotNull>
			<isNotNull prepend="," property="bankcardid"> bankcardid </isNotNull>
			<isNotNull prepend="," property="score"> score </isNotNull>
			<isNotNull prepend="," property="amount"> amount </isNotNull>
			<isNotNull prepend="," property="createtime"> createtime </isNotNull>
			<isNotNull prepend="," property="incometime"> incometime </isNotNull>
			<isNotNull prepend="," property="bonus"> bonus </isNotNull>
			<isNotNull prepend="," property="totalincome"> totalincome </isNotNull>
			<isNotNull prepend="," property="restincome"> restincome </isNotNull>
			<isNotNull prepend="," property="dayincome"> dayincome </isNotNull>
			<isNotNull prepend="," property="selfitemid"> selfitemid </isNotNull>
			<isNotNull prepend="," property="backtime"> backtime </isNotNull>
			<isNotNull prepend="," property="status"> status </isNotNull>
			<isNotNull prepend="," property="tradeid"> tradeid </isNotNull>
			<isNotNull prepend="," property="bonusid"> bonusid </isNotNull>
			)
		</dynamic>
		values
		<dynamic prepend="(">
			<isNotNull prepend="," property="accountid"> #accountid:BIGINT# </isNotNull>
			<isNotNull prepend="," property="bankcardid"> #bankcardid:BIGINT# </isNotNull>
			<isNotNull prepend="," property="score"> #score:INT# </isNotNull>
			<isNotNull prepend="," property="amount"> #amount:DECIMAL# </isNotNull>
			<isNotNull prepend="," property="createtime"> #createtime:DATETIME# </isNotNull>
			<isNotNull prepend="," property="incometime"> #incometime:DATETIME# </isNotNull>
			<isNotNull prepend="," property="bonus"> #bonus:DECIMAL# </isNotNull>
			<isNotNull prepend="," property="totalincome"> #totalincome:DECIMAL# </isNotNull>
			<isNotNull prepend="," property="restincome"> #restincome:DECIMAL# </isNotNull>
			<isNotNull prepend="," property="dayincome"> #dayincome:DECIMAL# </isNotNull>
			<isNotNull prepend="," property="selfitemid"> #selfitemid:BIGINT# </isNotNull>
			<isNotNull prepend="," property="backtime"> #backtime:DATETIME# </isNotNull>
			<isNotNull prepend="," property="status"> #status:TINYINT# </isNotNull>
			<isNotNull prepend="," property="tradeid"> #tradeid:VARCHAR# </isNotNull>
			<isNotNull prepend="," property="bonusid"> #bonusid:VARCHAR# </isNotNull>
			)
		</dynamic>
	</insert>

	<delete id="Accountselfitem.delete" parameterClass="java.lang.Long">
		delete from accountselfitem where treadeid = #tradeid:BIGINT#
	</delete>

	<update id="Accountselfitem.update" parameterClass="Accountselfitem">
		update accountselfitem
		<dynamic prepend="set">
			<isNotNull prepend="," property="accountid"> accountid = #accountid:BIGINT# </isNotNull>
			<isNotNull prepend="," property="bankcardid"> bankcardid = #bankcardid:BIGINT# </isNotNull>
			<isNotNull prepend="," property="score"> score = #score:INT# </isNotNull>
			<isNotNull prepend="," property="amount"> amount = #amount:DECIMAL# </isNotNull>
			<isNotNull prepend="," property="incometime"> incometime = #incometime:DATETIME# </isNotNull>
			<isNotNull prepend="," property="bonus"> bonus = #bonus:DECIMAL# </isNotNull>
			<isNotNull prepend="," property="totalincome"> totalincome = #totalincome:DECIMAL# </isNotNull>
			<isNotNull prepend="," property="restincome"> restincome = #restincome:DECIMAL# </isNotNull>
			<isNotNull prepend="," property="dayincome"> dayincome = #dayincome:DECIMAL# </isNotNull>
			<isNotNull prepend="," property="selfitemid"> selfitemid = #selfitemid:BIGINT# </isNotNull>
			<isNotNull prepend="," property="backtime"> backtime = #backtime:DATETIME# </isNotNull>
			<isNotNull prepend="," property="status"> status = #status:TINYINT# </isNotNull>
			<isNotNull prepend="," property="tradeid"> tradeid = #tradeid:BIGINT# </isNotNull>			
			<isNotNull prepend="," property="bonusid"> bonusid = #bonusid:VARCHAR# </isNotNull>
		</dynamic>
		<dynamic prepend="where">
		<isNotNull prepend="and" property="selfitemid"> selfitemid = #selfitemid:BIGINT# </isNotNull>
		<isNotNull prepend="and" property="accountid"> accountid = #accountid:BIGINT# </isNotNull>
		<isNotNull prepend="and" property="tradeid"> tradeid = #tradeid:BIGINT# </isNotNull>
		</dynamic>
	</update>

	<select id="Accountselfitem.select" parameterClass="java.util.Map" resultClass="Accountselfitem">
		select <include refid="Accountselfitem.RESULT" /> from accountselfitem <include refid="Accountselfitem.WHERE" />
		<isNotNull prepend="order" property="orderBy"> by $orderBy$ </isNotNull>
		<isNotNull prepend="limit" property="size"> #first#,#size# </isNotNull>
	</select>

	<select id="Accountselfitem.selectCount" parameterClass="java.util.Map" resultClass="java.lang.Long">
		select count(*) from accountselfitem <include refid="Accountselfitem.WHERE" />
	</select>

	<select id="Accountselfitem.selectSum" parameterClass="java.util.Map" resultClass="java.lang.Double">
		select sum($field$) as sumField from accountselfitem <include refid="Accountselfitem.WHERE" />
	</select>

</sqlMap>
