<?xml version="1.0" encoding="UTF-8"?>
<!DOCTYPE sqlMap PUBLIC "-//ibatis.apache.org//DTD SQL Map 2.0//EN" "http://ibatis.apache.org/dtd/sql-map-2.dtd">

<sqlMap>

	<typeAlias alias="Supportbank" type="com.cslc.dao.supportbank.Supportbank" />

	<sql id="Supportbank.RESULT">
		name,channel,simplename,monthmaxamount,id,singlemaxamount,logourl,daymaxamount,status,serialno
	</sql>

	<sql id="Supportbank.WHERE">
		<dynamic prepend="where">
			<isNotEmpty prepend="and" property="name"> name = #name:VARCHAR# </isNotEmpty>
			<isNotEmpty prepend="and" property="channel"> channel = #channel:TINYINT# </isNotEmpty>
			<isNotEmpty prepend="and" property="simplename"> simplename = #simplename:VARCHAR# </isNotEmpty>
			<isNotEmpty prepend="and" property="monthmaxamount"> monthmaxamount = #monthmaxamount:DECIMAL# </isNotEmpty>
			<isNotEmpty prepend="and" property="id"> id = #id:BIGINT# </isNotEmpty>
			<isNotEmpty prepend="and" property="singlemaxamount"> singlemaxamount = #singlemaxamount:DECIMAL# </isNotEmpty>
			<isNotEmpty prepend="and" property="logourl"> logourl = #logourl:VARCHAR# </isNotEmpty>
			<isNotEmpty prepend="and" property="daymaxamount"> daymaxamount = #daymaxamount:DECIMAL# </isNotEmpty>
			<isNotEmpty prepend="and" property="status"> status = #status:TINYINT# </isNotEmpty>
			<isNotEmpty prepend="and" property="serialno"> serialno = #serialno:INT# </isNotEmpty>
		</dynamic>
	</sql>

	<select id="Supportbank.selectById" parameterClass="java.lang.Long" resultClass="Supportbank">
		select <include refid="Supportbank.RESULT" /> from supportbank where id = #id:BIGINT#
	</select>

	<insert id="Supportbank.insert" parameterClass="Supportbank">
		insert into supportbank
		<dynamic prepend="(">
			<isNotNull prepend="," property="name"> name </isNotNull>
			<isNotNull prepend="," property="channel"> channel </isNotNull>
			<isNotNull prepend="," property="simplename"> simplename </isNotNull>
			<isNotNull prepend="," property="monthmaxamount"> monthmaxamount </isNotNull>
			<isNotNull prepend="," property="singlemaxamount"> singlemaxamount </isNotNull>
			<isNotNull prepend="," property="logourl"> logourl </isNotNull>
			<isNotNull prepend="," property="daymaxamount"> daymaxamount </isNotNull>
			<isNotNull prepend="," property="status"> status </isNotNull>
			<isNotNull prepend="," property="serialno"> serialno </isNotNull>
			)
		</dynamic>
		values
		<dynamic prepend="(">
			<isNotNull prepend="," property="name"> #name:VARCHAR# </isNotNull>
			<isNotNull prepend="," property="channel"> #channel:TINYINT# </isNotNull>
			<isNotNull prepend="," property="simplename"> #simplename:VARCHAR# </isNotNull>
			<isNotNull prepend="," property="monthmaxamount"> #monthmaxamount:DECIMAL# </isNotNull>
			<isNotNull prepend="," property="singlemaxamount"> #singlemaxamount:DECIMAL# </isNotNull>
			<isNotNull prepend="," property="logourl"> #logourl:VARCHAR# </isNotNull>
			<isNotNull prepend="," property="daymaxamount"> #daymaxamount:DECIMAL# </isNotNull>
			<isNotNull prepend="," property="status"> #status:TINYINT# </isNotNull>
			<isNotNull prepend="," property="serialno"> #serialno:INT# </isNotNull>
			)
		</dynamic>
		<selectKey resultClass="java.lang.Long" keyProperty="id">
			<![CDATA[SELECT LAST_INSERT_ID() AS ID ]]>
		</selectKey>
	</insert>

	<delete id="Supportbank.delete" parameterClass="java.lang.Long">
		delete from supportbank where id = #id:BIGINT#
	</delete>

	<update id="Supportbank.update" parameterClass="Supportbank">
		update supportbank
		<dynamic prepend="set">
			<isNotNull prepend="," property="name"> name = #name:VARCHAR# </isNotNull>
			<isNotNull prepend="," property="channel"> channel = #channel:TINYINT# </isNotNull>
			<isNotNull prepend="," property="simplename"> simplename = #simplename:VARCHAR# </isNotNull>
			<isNotNull prepend="," property="monthmaxamount"> monthmaxamount = #monthmaxamount:DECIMAL# </isNotNull>
			<isNotNull prepend="," property="singlemaxamount"> singlemaxamount = #singlemaxamount:DECIMAL# </isNotNull>
			<isNotNull prepend="," property="logourl"> logourl = #logourl:VARCHAR# </isNotNull>
			<isNotNull prepend="," property="daymaxamount"> daymaxamount = #daymaxamount:DECIMAL# </isNotNull>
			<isNotNull prepend="," property="status"> status = #status:TINYINT# </isNotNull>
			<isNotNull prepend="," property="serialno"> serialno = #serialno:INT# </isNotNull>
		</dynamic>
		WHERE id = #id:BIGINT#
	</update>

	<select id="Supportbank.select" parameterClass="java.util.Map" resultClass="Supportbank">
		select <include refid="Supportbank.RESULT" /> from supportbank <include refid="Supportbank.WHERE" />
		<isNotNull prepend="order" property="orderBy"> by $orderBy$ </isNotNull>
		<isNotNull prepend="limit" property="size"> #first#,#size# </isNotNull>
	</select>

	<select id="Supportbank.selectCount" parameterClass="java.util.Map" resultClass="java.lang.Long">
		select count(*) from supportbank <include refid="Supportbank.WHERE" />
	</select>

	<select id="Supportbank.selectSum" parameterClass="java.util.Map" resultClass="java.lang.Double">
		select sum($field$) as sumField from supportbank <include refid="Supportbank.WHERE" />
	</select>

</sqlMap>
