<?xml version="1.0" encoding="UTF-8"?>
<!DOCTYPE sqlMap PUBLIC "-//ibatis.apache.org//DTD SQL Map 2.0//EN" "http://ibatis.apache.org/dtd/sql-map-2.dtd">

<sqlMap>

	<typeAlias alias="Activity" type="com.cslc.dao.activity.Activity" />

	<sql id="Activity.RESULT">
		createtime,endtime,share,id,starttime,category,title,status
	</sql>

	<sql id="Activity.WHERE">
		<dynamic prepend="where">
			<isNotEmpty prepend="and" property="createtime"> createtime = #createtime:DATETIME# </isNotEmpty>
			<isNotEmpty prepend="and" property="endtime"> endtime = #endtime:DATETIME# </isNotEmpty>
			<isNotEmpty prepend="and" property="share"> share = #share:VARCHAR# </isNotEmpty>
			<isNotEmpty prepend="and" property="id"> id = #id:BIGINT# </isNotEmpty>
			<isNotEmpty prepend="and" property="starttime"> starttime = #starttime:DATETIME# </isNotEmpty>
			<isNotEmpty prepend="and" property="category"> category = #category:INT# </isNotEmpty>
			<isNotEmpty prepend="and" property="title"> title = #title:VARCHAR# </isNotEmpty>
			<isNotEmpty prepend="and" property="status"> status = #status:TINYINT# </isNotEmpty>
		</dynamic>
	</sql>

	<select id="Activity.selectById" parameterClass="java.lang.Long" resultClass="Activity">
		select <include refid="Activity.RESULT" /> from activity where id = #id:BIGINT#
	</select>

	<insert id="Activity.insert" parameterClass="Activity">
		insert into activity
		<dynamic prepend="(">
			<isNotNull prepend="," property="createtime"> createtime </isNotNull>
			<isNotNull prepend="," property="endtime"> endtime </isNotNull>
			<isNotNull prepend="," property="share"> share </isNotNull>
			<isNotNull prepend="," property="starttime"> starttime </isNotNull>
			<isNotNull prepend="," property="category"> category </isNotNull>
			<isNotNull prepend="," property="title"> title </isNotNull>
			<isNotNull prepend="," property="status"> status </isNotNull>
			)
		</dynamic>
		values
		<dynamic prepend="(">
			<isNotNull prepend="," property="createtime"> #createtime:DATETIME# </isNotNull>
			<isNotNull prepend="," property="endtime"> #endtime:DATETIME# </isNotNull>
			<isNotNull prepend="," property="share"> #share:VARCHAR# </isNotNull>
			<isNotNull prepend="," property="starttime"> #starttime:DATETIME# </isNotNull>
			<isNotNull prepend="," property="category"> #category:INT# </isNotNull>
			<isNotNull prepend="," property="title"> #title:VARCHAR# </isNotNull>
			<isNotNull prepend="," property="status"> #status:TINYINT# </isNotNull>
			)
		</dynamic>
		<selectKey resultClass="java.lang.Long" keyProperty="id">
			<![CDATA[SELECT LAST_INSERT_ID() AS ID ]]>
		</selectKey>
	</insert>

	<delete id="Activity.delete" parameterClass="java.lang.Long">
		delete from activity where id = #id:BIGINT#
	</delete>

	<update id="Activity.update" parameterClass="Activity">
		update activity
		<dynamic prepend="set">
			<isNotNull prepend="," property="endtime"> endtime = #endtime:DATETIME# </isNotNull>
			<isNotNull prepend="," property="share"> share = #share:VARCHAR# </isNotNull>
			<isNotNull prepend="," property="starttime"> starttime = #starttime:DATETIME# </isNotNull>
			<isNotNull prepend="," property="category"> category = #category:INT# </isNotNull>
			<isNotNull prepend="," property="title"> title = #title:VARCHAR# </isNotNull>
			<isNotNull prepend="," property="status"> status = #status:TINYINT# </isNotNull>
		</dynamic>
		WHERE id = #id:BIGINT#
	</update>

	<select id="Activity.select" parameterClass="java.util.Map" resultClass="Activity">
		select <include refid="Activity.RESULT" /> from activity <include refid="Activity.WHERE" />
		<isNotNull prepend="order" property="orderBy"> by $orderBy$ </isNotNull>
		<isNotNull prepend="limit" property="size"> #first#,#size# </isNotNull>
	</select>

	<select id="Activity.selectCount" parameterClass="java.util.Map" resultClass="java.lang.Long">
		select count(*) from activity <include refid="Activity.WHERE" />
	</select>

	<select id="Activity.selectSum" parameterClass="java.util.Map" resultClass="java.lang.Double">
		select sum($field$) as sumField from activity <include refid="Activity.WHERE" />
	</select>

</sqlMap>
