<?xml version="1.0" encoding="UTF-8"?>
<!DOCTYPE sqlMap PUBLIC "-//ibatis.apache.org//DTD SQL Map 2.0//EN" "http://ibatis.apache.org/dtd/sql-map-2.dtd">

<sqlMap>

	<typeAlias alias="Trade" type="com.cslc.dao.trade.Trade" />

	<sql id="Trade.RESULT">
		amount,createtime,phone,json,orderno,bankcardid,fee,mobile,selfitemid,version,payorderno,platform,accountid,paychannel,paysuccesstime,id,status
	</sql>

	<sql id="Trade.WHERE">
		<dynamic prepend="where">
			<isNotEmpty prepend="and" property="amount"> amount = #amount:DECIMAL# </isNotEmpty>
			<isNotEmpty prepend="and" property="createtimeGEt"> createtime <![CDATA[>=]]> #createtimeGEt:DATETIME# </isNotEmpty>
			<isNotEmpty prepend="and" property="createtimeLt"> createtime <![CDATA[<]]> #createtimeLt:DATETIME# </isNotEmpty>
			<isNotEmpty prepend="and" property="createtime"> createtime = #createtime:DATETIME# </isNotEmpty>
			<isNotEmpty prepend="and" property="orderno"> orderno = #orderno:VARCHAR# </isNotEmpty>
			<isNotEmpty prepend="and" property="json"> json = #json:VARCHAR# </isNotEmpty>
			<isNotEmpty prepend="and" property="ip"> ip = #ip:VARCHAR# </isNotEmpty>
			<isNotEmpty prepend="and" property="terminalid"> terminalid = #terminalid:VARCHAR# </isNotEmpty>
			<isNotEmpty prepend="and" property="phone"> phone = #phone:VARCHAR# </isNotEmpty>
			<isNotEmpty prepend="and" property="bankcardid"> bankcardid = #bankcardid:BIGINT# </isNotEmpty>
			<isNotEmpty prepend="and" property="fee"> fee = #fee:DECIMAL# </isNotEmpty>
			<isNotEmpty prepend="and" property="mobile"> mobile = #mobile:VARCHAR# </isNotEmpty>
			<isNotEmpty prepend="and" property="selfitemid"> selfitemid = #selfitemid:BIGINT# </isNotEmpty>
			<isNotEmpty prepend="and" property="version"> version = #version:VARCHAR# </isNotEmpty>
			<isNotEmpty prepend="and" property="payorderno"> payorderno = #payorderno:VARCHAR# </isNotEmpty>
			<isNotEmpty prepend="and" property="platform"> platform = #platform:TINYINT# </isNotEmpty>
			<isNotEmpty prepend="and" property="accountid"> accountid = #accountid:BIGINT# </isNotEmpty>
			<isNotEmpty prepend="and" property="paychannel"> paychannel = #paychannel:TINYINT# </isNotEmpty>
			<isNotEmpty prepend="and" property="paysuccesstime"> paysuccesstime = #paysuccesstime:DATETIME# </isNotEmpty>
			<isNotEmpty prepend="and" property="id"> id = #id:BIGINT# </isNotEmpty>
			<isNotEmpty prepend="and" property="status"> status = #status:TINYINT# </isNotEmpty>
		</dynamic>
	</sql>

	<select id="Trade.selectById" parameterClass="java.lang.Long" resultClass="Trade">
		select <include refid="Trade.RESULT" /> from trade where id = #id:BIGINT#
	</select>

	<insert id="Trade.insert" parameterClass="Trade">
		insert into trade
		<dynamic prepend="(">
			<isNotNull prepend="," property="amount"> amount </isNotNull>
			<isNotNull prepend="," property="createtime"> createtime </isNotNull>
			<isNotNull prepend="," property="orderno"> orderno </isNotNull>
			<isNotNull prepend="," property="json"> json </isNotNull>
			<isNotNull prepend="," property="ip"> ip </isNotNull>
			<isNotNull prepend="," property="terminalid"> terminalid </isNotNull>
			<isNotNull prepend="," property="phone"> phone </isNotNull>
			<isNotNull prepend="," property="bankcardid"> bankcardid </isNotNull>
			<isNotNull prepend="," property="fee"> fee </isNotNull>
			<isNotNull prepend="," property="mobile"> mobile </isNotNull>
			<isNotNull prepend="," property="selfitemid"> selfitemid </isNotNull>
			<isNotNull prepend="," property="version"> version </isNotNull>
			<isNotNull prepend="," property="payorderno"> payorderno </isNotNull>
			<isNotNull prepend="," property="platform"> platform </isNotNull>
			<isNotNull prepend="," property="accountid"> accountid </isNotNull>
			<isNotNull prepend="," property="paychannel"> paychannel </isNotNull>
			<isNotNull prepend="," property="paysuccesstime"> paysuccesstime </isNotNull>
			<isNotNull prepend="," property="status"> status </isNotNull>
			)
		</dynamic>
		values
		<dynamic prepend="(">
			<isNotNull prepend="," property="amount"> #amount:DECIMAL# </isNotNull>
			<isNotNull prepend="," property="createtime"> #createtime:DATETIME# </isNotNull>
			<isNotNull prepend="," property="orderno"> #orderno:VARCHAR# </isNotNull>
			<isNotNull prepend="," property="json"> #json:VARCHAR# </isNotNull>
			<isNotNull prepend="," property="ip"> #ip:VARCHAR# </isNotNull>
			<isNotNull prepend="," property="terminalid"> #terminalid:VARCHAR# </isNotNull>
			<isNotNull prepend="," property="phone"> #phone:VARCHAR# </isNotNull>
			<isNotNull prepend="," property="bankcardid"> #bankcardid:BIGINT# </isNotNull>
			<isNotNull prepend="," property="fee"> #fee:DECIMAL# </isNotNull>
			<isNotNull prepend="," property="mobile"> #mobile:VARCHAR# </isNotNull>
			<isNotNull prepend="," property="selfitemid"> #selfitemid:BIGINT# </isNotNull>
			<isNotNull prepend="," property="version"> #version:VARCHAR# </isNotNull>
			<isNotNull prepend="," property="payorderno"> #payorderno:VARCHAR# </isNotNull>
			<isNotNull prepend="," property="platform"> #platform:TINYINT# </isNotNull>
			<isNotNull prepend="," property="accountid"> #accountid:BIGINT# </isNotNull>
			<isNotNull prepend="," property="paychannel"> #paychannel:TINYINT# </isNotNull>
			<isNotNull prepend="," property="paysuccesstime"> #paysuccesstime:DATETIME# </isNotNull>
			<isNotNull prepend="," property="status"> #status:TINYINT# </isNotNull>
			)
		</dynamic>
		<selectKey resultClass="java.lang.Long" keyProperty="id">
			<![CDATA[SELECT LAST_INSERT_ID() AS ID ]]>
		</selectKey>
	</insert>

	<delete id="Trade.delete" parameterClass="java.lang.Long">
		delete from trade where id = #id:BIGINT#
	</delete>

	<update id="Trade.update" parameterClass="Trade">
		update trade
		<dynamic prepend="set">
			<isNotNull prepend="," property="amount"> amount = #amount:DECIMAL# </isNotNull>
			<isNotNull prepend="," property="orderno"> orderno = #orderno:VARCHAR# </isNotNull>
			<isNotNull prepend="," property="json"> json = #json:VARCHAR# </isNotNull>
			<isNotNull prepend="," property="ip"> ip = #ip:VARCHAR# </isNotNull>
			<isNotNull prepend="," property="terminalid"> terminalid = #terminalid:VARCHAR# </isNotNull>
			<isNotNull prepend="," property="phone"> phone = #phone:VARCHAR# </isNotNull>
			<isNotNull prepend="," property="bankcardid"> bankcardid = #bankcardid:BIGINT# </isNotNull>
			<isNotNull prepend="," property="fee"> fee = #fee:DECIMAL# </isNotNull>
			<isNotNull prepend="," property="mobile"> mobile = #mobile:VARCHAR# </isNotNull>
			<isNotNull prepend="," property="selfitemid"> selfitemid = #selfitemid:BIGINT# </isNotNull>
			<isNotNull prepend="," property="version"> version = #version:VARCHAR# </isNotNull>
			<isNotNull prepend="," property="payorderno"> payorderno = #payorderno:VARCHAR# </isNotNull>
			<isNotNull prepend="," property="platform"> platform = #platform:TINYINT# </isNotNull>
			<isNotNull prepend="," property="accountid"> accountid = #accountid:BIGINT# </isNotNull>
			<isNotNull prepend="," property="paychannel"> paychannel = #paychannel:TINYINT# </isNotNull>
			<isNotNull prepend="," property="paysuccesstime"> paysuccesstime = #paysuccesstime:DATETIME# </isNotNull>
			<isNotNull prepend="," property="status"> status = #status:TINYINT# </isNotNull>
		</dynamic>
		WHERE id = #id:BIGINT#
	</update>

	<select id="Trade.select" parameterClass="java.util.Map" resultClass="Trade">
		select <include refid="Trade.RESULT" /> from trade <include refid="Trade.WHERE" />
		<isNotNull prepend="order" property="orderBy"> by $orderBy$ </isNotNull>
		<isNotNull prepend="limit" property="size"> #first#,#size# </isNotNull>
	</select>

	<select id="Trade.selectCount" parameterClass="java.util.Map" resultClass="java.lang.Long">
		select count(*) from trade <include refid="Trade.WHERE" />
	</select>

	<select id="Trade.selectSum" parameterClass="java.util.Map" resultClass="java.lang.Double">
		select sum($field$) as sumField from trade <include refid="Trade.WHERE" />
	</select>

</sqlMap>
