<?xml version="1.0" encoding="UTF-8"?>
<!DOCTYPE sqlMap PUBLIC "-//ibatis.apache.org//DTD SQL Map 2.0//EN" "http://ibatis.apache.org/dtd/sql-map-2.dtd">

<sqlMap>

	<typeAlias alias="Task" type="com.cslc.dao.task.Task" />

	<sql id="Task.RESULT">
		score,createtime,endtime,id,starttime,title,category,url,status,serialno
	</sql>

	<sql id="Task.WHERE">
		<dynamic prepend="where">
			<isNotEmpty prepend="and" property="score"> score = #score:INT# </isNotEmpty>
			<isNotEmpty prepend="and" property="createtime"> createtime = #createtime:DATETIME# </isNotEmpty>
			<isNotEmpty prepend="and" property="endtime"> endtime = #endtime:DATETIME# </isNotEmpty>
			<isNotEmpty prepend="and" property="id"> id = #id:BIGINT# </isNotEmpty>
			<isNotEmpty prepend="and" property="starttime"> starttime = #starttime:DATETIME# </isNotEmpty>
			<isNotEmpty prepend="and" property="title"> title = #title:VARCHAR# </isNotEmpty>
			<isNotEmpty prepend="and" property="category"> category = #category:INT# </isNotEmpty>
			<isNotEmpty prepend="and" property="url"> url = #url:VARCHAR# </isNotEmpty>
			<isNotEmpty prepend="and" property="status"> status = #status:TINYINT# </isNotEmpty>
			<isNotEmpty prepend="and" property="serialno"> serialno = #serialno:INT# </isNotEmpty>
		</dynamic>
	</sql>

	<select id="Task.selectById" parameterClass="java.lang.Long" resultClass="Task">
		select <include refid="Task.RESULT" /> from task where id = #id:BIGINT#
	</select>

	<insert id="Task.insert" parameterClass="Task">
		insert into task
		<dynamic prepend="(">
			<isNotNull prepend="," property="score"> score </isNotNull>
			<isNotNull prepend="," property="createtime"> createtime </isNotNull>
			<isNotNull prepend="," property="endtime"> endtime </isNotNull>
			<isNotNull prepend="," property="starttime"> starttime </isNotNull>
			<isNotNull prepend="," property="title"> title </isNotNull>
			<isNotNull prepend="," property="category"> category </isNotNull>
			<isNotNull prepend="," property="url"> url </isNotNull>
			<isNotNull prepend="," property="status"> status </isNotNull>
			<isNotNull prepend="," property="serialno"> serialno </isNotNull>
			)
		</dynamic>
		values
		<dynamic prepend="(">
			<isNotNull prepend="," property="score"> #score:INT# </isNotNull>
			<isNotNull prepend="," property="createtime"> #createtime:DATETIME# </isNotNull>
			<isNotNull prepend="," property="endtime"> #endtime:DATETIME# </isNotNull>
			<isNotNull prepend="," property="starttime"> #starttime:DATETIME# </isNotNull>
			<isNotNull prepend="," property="title"> #title:VARCHAR# </isNotNull>
			<isNotNull prepend="," property="category"> #category:INT# </isNotNull>
			<isNotNull prepend="," property="url"> #url:VARCHAR# </isNotNull>
			<isNotNull prepend="," property="status"> #status:TINYINT# </isNotNull>
			<isNotNull prepend="," property="serialno"> #serialno:INT# </isNotNull>
			)
		</dynamic>
		<selectKey resultClass="java.lang.Long" keyProperty="id">
			<![CDATA[SELECT LAST_INSERT_ID() AS ID ]]>
		</selectKey>
	</insert>

	<delete id="Task.delete" parameterClass="java.lang.Long">
		delete from task where id = #id:BIGINT#
	</delete>

	<update id="Task.update" parameterClass="Task">
		update task
		<dynamic prepend="set">
			<isNotNull prepend="," property="score"> score = #score:INT# </isNotNull>
			<isNotNull prepend="," property="endtime"> endtime = #endtime:DATETIME# </isNotNull>
			<isNotNull prepend="," property="starttime"> starttime = #starttime:DATETIME# </isNotNull>
			<isNotNull prepend="," property="title"> title = #title:VARCHAR# </isNotNull>
			<isNotNull prepend="," property="category"> category = #category:INT# </isNotNull>
			<isNotNull prepend="," property="url"> url = #url:VARCHAR# </isNotNull>
			<isNotNull prepend="," property="status"> status = #status:TINYINT# </isNotNull>
			<isNotNull prepend="," property="serialno"> serialno = #serialno:INT# </isNotNull>
		</dynamic>
		WHERE id = #id:BIGINT#
	</update>

	<select id="Task.select" parameterClass="java.util.Map" resultClass="Task">
		select <include refid="Task.RESULT" /> from task <include refid="Task.WHERE" />
		<isNotNull prepend="order" property="orderBy"> by $orderBy$ </isNotNull>
		<isNotNull prepend="limit" property="size"> #first#,#size# </isNotNull>
	</select>

	<select id="Task.selectCount" parameterClass="java.util.Map" resultClass="java.lang.Long">
		select count(*) from task <include refid="Task.WHERE" />
	</select>

	<select id="Task.selectSum" parameterClass="java.util.Map" resultClass="java.lang.Double">
		select sum($field$) as sumField from task <include refid="Task.WHERE" />
	</select>

</sqlMap>
