<?xml version="1.0" encoding="UTF-8"?>
<!DOCTYPE sqlMap PUBLIC "-//ibatis.apache.org//DTD SQL Map 2.0//EN" "http://ibatis.apache.org/dtd/sql-map-2.dtd">

<sqlMap>

	<typeAlias alias="Tasklog" type="com.cslc.dao.tasklog.Tasklog" />

	<sql id="Tasklog.RESULT">
		accountid,score,createtime,id,taskid
	</sql>

	<sql id="Tasklog.WHERE">
		<dynamic prepend="where">
			<isNotEmpty prepend="and" property="accountid"> accountid = #accountid:BIGINT# </isNotEmpty>
			<isNotEmpty prepend="and" property="score"> score = #score:INT# </isNotEmpty>
			<isNotEmpty prepend="and" property="createtime"> createtime = #createtime:DATETIME# </isNotEmpty>
			<isNotEmpty prepend="and" property="createtimeGEt"> createtime <![CDATA[>=]]> #createtimeGEt:DATETIME# </isNotEmpty>
			<isNotEmpty prepend="and" property="createtimeLt"> createtime <![CDATA[<]]> #createtimeLt:DATETIME# </isNotEmpty>
			<isNotEmpty prepend="and" property="id"> id = #id:BIGINT# </isNotEmpty>
			<isNotEmpty prepend="and" property="taskid"> taskid = #taskid:BIGINT# </isNotEmpty>
		</dynamic>
	</sql>

	<select id="Tasklog.selectById" parameterClass="java.lang.Long" resultClass="Tasklog">
		select <include refid="Tasklog.RESULT" /> from tasklog where id = #id:BIGINT#
	</select>

	<insert id="Tasklog.insert" parameterClass="Tasklog">
		insert into tasklog
		<dynamic prepend="(">
			<isNotNull prepend="," property="accountid"> accountid </isNotNull>
			<isNotNull prepend="," property="score"> score </isNotNull>
			<isNotNull prepend="," property="createtime"> createtime </isNotNull>
			<isNotNull prepend="," property="taskid"> taskid </isNotNull>
			)
		</dynamic>
		values
		<dynamic prepend="(">
			<isNotNull prepend="," property="accountid"> #accountid:BIGINT# </isNotNull>
			<isNotNull prepend="," property="score"> #score:INT# </isNotNull>
			<isNotNull prepend="," property="createtime"> #createtime:DATETIME# </isNotNull>
			<isNotNull prepend="," property="taskid"> #taskid:BIGINT# </isNotNull>
			)
		</dynamic>
		<selectKey resultClass="java.lang.Long" keyProperty="id">
			<![CDATA[SELECT LAST_INSERT_ID() AS ID ]]>
		</selectKey>
	</insert>

	<delete id="Tasklog.delete" parameterClass="java.lang.Long">
		delete from tasklog where id = #id:BIGINT#
	</delete>

	<update id="Tasklog.update" parameterClass="Tasklog">
		update tasklog
		<dynamic prepend="set">
			<isNotNull prepend="," property="accountid"> accountid = #accountid:BIGINT# </isNotNull>
			<isNotNull prepend="," property="score"> score = #score:INT# </isNotNull>
			<isNotNull prepend="," property="taskid"> taskid = #taskid:BIGINT# </isNotNull>
		</dynamic>
		WHERE id = #id:BIGINT#
	</update>

	<select id="Tasklog.select" parameterClass="java.util.Map" resultClass="Tasklog">
		select <include refid="Tasklog.RESULT" /> from tasklog <include refid="Tasklog.WHERE" />
		<isNotNull prepend="order" property="orderBy"> by $orderBy$ </isNotNull>
		<isNotNull prepend="limit" property="size"> #first#,#size# </isNotNull>
	</select>

	<select id="Tasklog.selectCount" parameterClass="java.util.Map" resultClass="java.lang.Long">
		select count(*) from tasklog <include refid="Tasklog.WHERE" />
	</select>

	<select id="Tasklog.selectSum" parameterClass="java.util.Map" resultClass="java.lang.Double">
		select sum($field$) as sumField from tasklog <include refid="Tasklog.WHERE" />
	</select>

</sqlMap>
