<?xml version="1.0" encoding="UTF-8"?>
<!DOCTYPE sqlMap PUBLIC "-//ibatis.apache.org//DTD SQL Map 2.0//EN" "http://ibatis.apache.org/dtd/sql-map-2.dtd">

<sqlMap>

	<typeAlias alias="Reward" type="com.cslc.dao.reward.Reward" />

	<sql id="Reward.RESULT">
		score,createtime,id,title,category,status,serialno
	</sql>

	<sql id="Reward.WHERE">
		<dynamic prepend="where">
			<isNotEmpty prepend="and" property="score"> score = #score:INT# </isNotEmpty>
			<isNotEmpty prepend="and" property="createtime"> createtime = #createtime:DATETIME# </isNotEmpty>
			<isNotEmpty prepend="and" property="id"> id = #id:BIGINT# </isNotEmpty>
			<isNotEmpty prepend="and" property="title"> title = #title:VARCHAR# </isNotEmpty>
			<isNotEmpty prepend="and" property="category"> category = #category:INT# </isNotEmpty>
			<isNotEmpty prepend="and" property="status"> status = #status:TINYINT# </isNotEmpty>
			<isNotEmpty prepend="and" property="serialno"> serialno = #serialno:INT# </isNotEmpty>
		</dynamic>
	</sql>

	<select id="Reward.selectById" parameterClass="java.lang.Long" resultClass="Reward">
		select <include refid="Reward.RESULT" /> from reward where id = #id:BIGINT#
	</select>

	<insert id="Reward.insert" parameterClass="Reward">
		insert into reward
		<dynamic prepend="(">
			<isNotNull prepend="," property="score"> score </isNotNull>
			<isNotNull prepend="," property="createtime"> createtime </isNotNull>
			<isNotNull prepend="," property="title"> title </isNotNull>
			<isNotNull prepend="," property="category"> category </isNotNull>
			<isNotNull prepend="," property="status"> status </isNotNull>
			<isNotNull prepend="," property="serialno"> serialno </isNotNull>
			)
		</dynamic>
		values
		<dynamic prepend="(">
			<isNotNull prepend="," property="score"> #score:INT# </isNotNull>
			<isNotNull prepend="," property="createtime"> #createtime:DATETIME# </isNotNull>
			<isNotNull prepend="," property="title"> #title:VARCHAR# </isNotNull>
			<isNotNull prepend="," property="category"> #category:INT# </isNotNull>
			<isNotNull prepend="," property="status"> #status:TINYINT# </isNotNull>
			<isNotNull prepend="," property="serialno"> #serialno:INT# </isNotNull>
			)
		</dynamic>
		<selectKey resultClass="java.lang.Long" keyProperty="id">
			<![CDATA[SELECT LAST_INSERT_ID() AS ID ]]>
		</selectKey>
	</insert>

	<delete id="Reward.delete" parameterClass="java.lang.Long">
		delete from reward where id = #id:BIGINT#
	</delete>

	<update id="Reward.update" parameterClass="Reward">
		update reward
		<dynamic prepend="set">
			<isNotNull prepend="," property="score"> score = #score:INT# </isNotNull>
			<isNotNull prepend="," property="title"> title = #title:VARCHAR# </isNotNull>
			<isNotNull prepend="," property="category"> category = #category:INT# </isNotNull>
			<isNotNull prepend="," property="status"> status = #status:TINYINT# </isNotNull>
			<isNotNull prepend="," property="serialno"> serialno = #serialno:INT# </isNotNull>
		</dynamic>
		WHERE id = #id:BIGINT#
	</update>

	<select id="Reward.select" parameterClass="java.util.Map" resultClass="Reward">
		select <include refid="Reward.RESULT" /> from reward <include refid="Reward.WHERE" />
		<isNotNull prepend="order" property="orderBy"> by $orderBy$ </isNotNull>
		<isNotNull prepend="limit" property="size"> #first#,#size# </isNotNull>
	</select>

	<select id="Reward.selectCount" parameterClass="java.util.Map" resultClass="java.lang.Long">
		select count(*) from reward <include refid="Reward.WHERE" />
	</select>

	<select id="Reward.selectSum" parameterClass="java.util.Map" resultClass="java.lang.Double">
		select sum($field$) as sumField from reward <include refid="Reward.WHERE" />
	</select>

</sqlMap>
