<?xml version="1.0" encoding="UTF-8"?>
<!DOCTYPE sqlMap PUBLIC "-//ibatis.apache.org//DTD SQL Map 2.0//EN" "http://ibatis.apache.org/dtd/sql-map-2.dtd">

<sqlMap>

	<typeAlias alias="Accountconfig" type="com.cslc.dao.accountconfig.Accountconfig" />

	<sql id="Accountconfig.RESULT">
		accountid,rom,phone,terminalid,version,platform,department
	</sql>

	<sql id="Accountconfig.WHERE">
		<dynamic prepend="where">
			<isNotEmpty prepend="and" property="department"> department = #department:VARCHAR# </isNotEmpty>
			<isNotEmpty prepend="and" property="accountid"> accountid = #accountid:BIGINT# </isNotEmpty>
			<isNotEmpty prepend="and" property="rom"> rom = #rom:VARCHAR# </isNotEmpty>
			<isNotEmpty prepend="and" property="phone"> phone = #phone:VARCHAR# </isNotEmpty>
			<isNotEmpty prepend="and" property="terminalid"> terminalid = #terminalid:VARCHAR# </isNotEmpty>
			<isNotEmpty prepend="and" property="version"> version = #version:VARCHAR# </isNotEmpty>
			<isNotEmpty prepend="and" property="platform"> platform = #platform:VARCHAR# </isNotEmpty>
		</dynamic>
	</sql>

	<select id="Accountconfig.selectById" parameterClass="java.lang.Long" resultClass="Accountconfig">
		select <include refid="Accountconfig.RESULT" /> from accountconfig where accountid = #accountid:BIGINT#
	</select>

	<insert id="Accountconfig.insert" parameterClass="Accountconfig">
		insert into accountconfig
		<dynamic prepend="(">
			<isNotNull prepend="," property="department"> department </isNotNull>
			<isNotNull prepend="," property="accountid"> accountid </isNotNull>
			<isNotNull prepend="," property="rom"> rom </isNotNull>
			<isNotNull prepend="," property="phone"> phone </isNotNull>
			<isNotNull prepend="," property="terminalid"> terminalid </isNotNull>
			<isNotNull prepend="," property="version"> version </isNotNull>
			<isNotNull prepend="," property="platform"> platform </isNotNull>
			)
		</dynamic>
		values
		<dynamic prepend="(">
			<isNotNull prepend="," property="department"> #department:VARCHAR# </isNotNull>
			<isNotNull prepend="," property="accountid"> #accountid:BIGINT# </isNotNull>
			<isNotNull prepend="," property="rom"> #rom:VARCHAR# </isNotNull>
			<isNotNull prepend="," property="phone"> #phone:VARCHAR# </isNotNull>
			<isNotNull prepend="," property="terminalid"> #terminalid:VARCHAR# </isNotNull>
			<isNotNull prepend="," property="version"> #version:VARCHAR# </isNotNull>
			<isNotNull prepend="," property="platform"> #platform:VARCHAR# </isNotNull>
			)
		</dynamic>
	</insert>

	<delete id="Accountconfig.delete" parameterClass="java.lang.Long">
		delete from accountconfig where accountid = #accountid:BIGINT#
	</delete>

	<update id="Accountconfig.update" parameterClass="Accountconfig">
		update accountconfig
		<dynamic prepend="set">
			<isNotNull prepend="," property="department"> department = #department:VARCHAR# </isNotNull>
			<isNotNull prepend="," property="accountid"> accountid = #accountid:BIGINT# </isNotNull>
			<isNotNull prepend="," property="rom"> rom = #rom:VARCHAR# </isNotNull>
			<isNotNull prepend="," property="phone"> phone = #phone:VARCHAR# </isNotNull>
			<isNotNull prepend="," property="terminalid"> terminalid = #terminalid:VARCHAR# </isNotNull>
			<isNotNull prepend="," property="version"> version = #version:VARCHAR# </isNotNull>
			<isNotNull prepend="," property="platform"> platform = #platform:VARCHAR# </isNotNull>
		</dynamic>
		WHERE accountid = #accountid:BIGINT#
	</update>

	<select id="Accountconfig.select" parameterClass="java.util.Map" resultClass="Accountconfig">
		select <include refid="Accountconfig.RESULT" /> from accountconfig <include refid="Accountconfig.WHERE" />
		<isNotNull prepend="order" property="orderBy"> by $orderBy$ </isNotNull>
		<isNotNull prepend="limit" property="size"> #first#,#size# </isNotNull>
	</select>

	<select id="Accountconfig.selectCount" parameterClass="java.util.Map" resultClass="java.lang.Long">
		select count(*) from accountconfig <include refid="Accountconfig.WHERE" />
	</select>

	<select id="Accountconfig.selectSum" parameterClass="java.util.Map" resultClass="java.lang.Double">
		select sum($field$) as sumField from accountconfig <include refid="Accountconfig.WHERE" />
	</select>

</sqlMap>
