<?xml version="1.0" encoding="UTF-8"?>
<!DOCTYPE sqlMap PUBLIC "-//ibatis.apache.org//DTD SQL Map 2.0//EN" "http://ibatis.apache.org/dtd/sql-map-2.dtd">

<sqlMap>

	<typeAlias alias="Picture" type="com.cslc.dao.picture.Picture" />

	<sql id="Picture.RESULT">
		createtime,manager,id,channel,url,content,status
	</sql>

	<sql id="Picture.WHERE">
		<dynamic prepend="where">
			<isNotEmpty prepend="and" property="createtime"> createtime = #createtime:DATETIME# </isNotEmpty>
			<isNotEmpty prepend="and" property="manager"> manager = #manager:VARCHAR# </isNotEmpty>
			<isNotEmpty prepend="and" property="id"> id = #id:BIGINT# </isNotEmpty>
			<isNotEmpty prepend="and" property="channel"> channel = #channel:VARCHAR# </isNotEmpty>
			<isNotEmpty prepend="and" property="url"> url = #url:VARCHAR# </isNotEmpty>
			<isNotEmpty prepend="and" property="content"> content = #content:VARCHAR# </isNotEmpty>
			<isNotEmpty prepend="and" property="status"> status = #status:TINYINT# </isNotEmpty>
		</dynamic>
	</sql>

	<select id="Picture.selectById" parameterClass="java.lang.Long" resultClass="Picture">
		select <include refid="Picture.RESULT" /> from picture where id = #id:BIGINT#
	</select>

	<insert id="Picture.insert" parameterClass="Picture">
		insert into picture
		<dynamic prepend="(">
			<isNotNull prepend="," property="createtime"> createtime </isNotNull>
			<isNotNull prepend="," property="manager"> manager </isNotNull>
			<isNotNull prepend="," property="channel"> channel </isNotNull>
			<isNotNull prepend="," property="url"> url </isNotNull>
			<isNotNull prepend="," property="content"> content </isNotNull>
			<isNotNull prepend="," property="status"> status </isNotNull>
			)
		</dynamic>
		values
		<dynamic prepend="(">
			<isNotNull prepend="," property="createtime"> #createtime:DATETIME# </isNotNull>
			<isNotNull prepend="," property="manager"> #manager:VARCHAR# </isNotNull>
			<isNotNull prepend="," property="channel"> #channel:VARCHAR# </isNotNull>
			<isNotNull prepend="," property="url"> #url:VARCHAR# </isNotNull>
			<isNotNull prepend="," property="content"> #content:VARCHAR# </isNotNull>
			<isNotNull prepend="," property="status"> #status:TINYINT# </isNotNull>
			)
		</dynamic>
		<selectKey resultClass="java.lang.Long" keyProperty="id">
			<![CDATA[SELECT LAST_INSERT_ID() AS ID ]]>
		</selectKey>
	</insert>

	<delete id="Picture.delete" parameterClass="java.lang.Long">
		delete from picture where id = #id:BIGINT#
	</delete>

	<update id="Picture.update" parameterClass="Picture">
		update picture
		<dynamic prepend="set">
			<isNotNull prepend="," property="manager"> manager = #manager:VARCHAR# </isNotNull>
			<isNotNull prepend="," property="channel"> channel = #channel:VARCHAR# </isNotNull>
			<isNotNull prepend="," property="url"> url = #url:VARCHAR# </isNotNull>
			<isNotNull prepend="," property="content"> content = #content:VARCHAR# </isNotNull>
			<isNotNull prepend="," property="status"> status = #status:TINYINT# </isNotNull>
		</dynamic>
		WHERE id = #id:BIGINT#
	</update>

	<select id="Picture.select" parameterClass="java.util.Map" resultClass="Picture">
		select <include refid="Picture.RESULT" /> from picture <include refid="Picture.WHERE" />
		<isNotNull prepend="order" property="orderBy"> by $orderBy$ </isNotNull>
		<isNotNull prepend="limit" property="size"> #first#,#size# </isNotNull>
	</select>

	<select id="Picture.selectCount" parameterClass="java.util.Map" resultClass="java.lang.Long">
		select count(*) from picture <include refid="Picture.WHERE" />
	</select>

	<select id="Picture.selectSum" parameterClass="java.util.Map" resultClass="java.lang.Double">
		select sum($field$) as sumField from picture <include refid="Picture.WHERE" />
	</select>

</sqlMap>
