<?xml version="1.0" encoding="UTF-8"?>
<!DOCTYPE sqlMap PUBLIC "-//ibatis.apache.org//DTD SQL Map 2.0//EN" "http://ibatis.apache.org/dtd/sql-map-2.dtd">

<sqlMap>

	<typeAlias alias="Bonus" type="com.cslc.dao.bonus.Bonus" />

	<sql id="Bonus.RESULT">
		createtime,totalbonus,category,endtime,starttime,title,selfitemid,backtime,usetime,usebonus,accountid,rate,id,status
	</sql>

	<sql id="Bonus.WHERE">
		<dynamic prepend="where">
			<isNotEmpty prepend="and" property="createtime"> createtime = #createtime:DATETIME# </isNotEmpty>
			<isNotEmpty prepend="and" property="createtimeGEt"> createtime <![CDATA[>=]]> #createtimeGEt:DATETIME# </isNotEmpty>
			<isNotEmpty prepend="and" property="createtimeLt"> createtime <![CDATA[<]]> #createtimeLt:DATETIME# </isNotEmpty>
			<isNotEmpty prepend="and" property="totalbonus"> totalbonus = #totalbonus:DECIMAL# </isNotEmpty>
			<isNotEmpty prepend="and" property="category"> category = #category:INT# </isNotEmpty>
			<isNotEmpty prepend="and" property="endtimeLt"> endtime <![CDATA[< ]]> #endtimeLt:DATETIME# </isNotEmpty>
			<isNotEmpty prepend="and" property="starttime"> starttime = #starttime:DATETIME# </isNotEmpty>
			<isNotEmpty prepend="and" property="title"> title = #title:VARCHAR# </isNotEmpty>
			<isNotEmpty prepend="and" property="selfitemid"> selfitemid = #selfitemid:BIGINT# </isNotEmpty>
			<isNotEmpty prepend="and" property="backtime"> backtime = #backtime:DATETIME# </isNotEmpty>
			<isNotEmpty prepend="and" property="usetime"> usetime = #usetime:DATETIME# </isNotEmpty>
			<isNotEmpty prepend="and" property="usebonus"> usebonus = #usebonus:DECIMAL# </isNotEmpty>
			<isNotEmpty prepend="and" property="accountid"> accountid = #accountid:BIGINT# </isNotEmpty>
			<isNotEmpty prepend="and" property="rate"> rate = #rate:INT# </isNotEmpty>
			<isNotEmpty prepend="and" property="id"> id = #id:BIGINT# </isNotEmpty>
			<isNotEmpty prepend="and" property="status"> status = #status:TINYINT# </isNotEmpty>
		</dynamic>
	</sql>

	<select id="Bonus.selectById" parameterClass="java.lang.Long" resultClass="Bonus">
		select <include refid="Bonus.RESULT" /> from bonus where id = #id:BIGINT#
	</select>

	<insert id="Bonus.insert" parameterClass="Bonus">
		insert into bonus
		<dynamic prepend="(">
			<isNotNull prepend="," property="createtime"> createtime </isNotNull>
			<isNotNull prepend="," property="totalbonus"> totalbonus </isNotNull>
			<isNotNull prepend="," property="category"> category </isNotNull>
			<isNotNull prepend="," property="endtime"> endtime </isNotNull>
			<isNotNull prepend="," property="starttime"> starttime </isNotNull>
			<isNotNull prepend="," property="title"> title </isNotNull>
			<isNotNull prepend="," property="selfitemid"> selfitemid </isNotNull>
			<isNotNull prepend="," property="backtime"> backtime </isNotNull>
			<isNotNull prepend="," property="usetime"> usetime </isNotNull>
			<isNotNull prepend="," property="usebonus"> usebonus </isNotNull>
			<isNotNull prepend="," property="accountid"> accountid </isNotNull>
			<isNotNull prepend="," property="rate"> rate </isNotNull>
			<isNotNull prepend="," property="status"> status </isNotNull>
			)
		</dynamic>
		values
		<dynamic prepend="(">
			<isNotNull prepend="," property="createtime"> #createtime:DATETIME# </isNotNull>
			<isNotNull prepend="," property="totalbonus"> #totalbonus:DECIMAL# </isNotNull>
			<isNotNull prepend="," property="category"> #category:INT# </isNotNull>
			<isNotNull prepend="," property="endtime"> #endtime:DATETIME# </isNotNull>
			<isNotNull prepend="," property="starttime"> #starttime:DATETIME# </isNotNull>
			<isNotNull prepend="," property="title"> #title:VARCHAR# </isNotNull>
			<isNotNull prepend="," property="selfitemid"> #selfitemid:BIGINT# </isNotNull>
			<isNotNull prepend="," property="backtime"> #backtime:DATETIME# </isNotNull>
			<isNotNull prepend="," property="usetime"> #usetime:DATETIME# </isNotNull>
			<isNotNull prepend="," property="usebonus"> #usebonus:DECIMAL# </isNotNull>
			<isNotNull prepend="," property="accountid"> #accountid:BIGINT# </isNotNull>
			<isNotNull prepend="," property="rate"> #rate:INT# </isNotNull>
			<isNotNull prepend="," property="status"> #status:TINYINT# </isNotNull>
			)
		</dynamic>
		<selectKey resultClass="java.lang.Long" keyProperty="id">
			<![CDATA[SELECT LAST_INSERT_ID() AS ID ]]>
		</selectKey>
	</insert>

	<delete id="Bonus.delete" parameterClass="java.lang.Long">
		delete from bonus where id = #id:BIGINT#
	</delete>

	<update id="Bonus.update" parameterClass="Bonus">
		update bonus
		<dynamic prepend="set">
			<isNotNull prepend="," property="totalbonus"> totalbonus = #totalbonus:DECIMAL# </isNotNull>
			<isNotNull prepend="," property="category"> category = #category:INT# </isNotNull>
			<isNotNull prepend="," property="endtime"> endtime = #endtime:DATETIME# </isNotNull>
			<isNotNull prepend="," property="starttime"> starttime = #starttime:DATETIME# </isNotNull>
			<isNotNull prepend="," property="title"> title = #title:VARCHAR# </isNotNull>
			<isNotNull prepend="," property="selfitemid"> selfitemid = #selfitemid:BIGINT# </isNotNull>
			<isNotNull prepend="," property="backtime"> backtime = #backtime:DATETIME# </isNotNull>
			<isNotNull prepend="," property="usetime"> usetime = #usetime:DATETIME# </isNotNull>
			<isNotNull prepend="," property="usebonus"> usebonus = #usebonus:DECIMAL# </isNotNull>
			<isNotNull prepend="," property="accountid"> accountid = #accountid:BIGINT# </isNotNull>
			<isNotNull prepend="," property="rate"> rate = #rate:INT# </isNotNull>
			<isNotNull prepend="," property="status"> status = #status:TINYINT# </isNotNull>
		</dynamic>
		WHERE id = #id:BIGINT#
	</update>

	<select id="Bonus.select" parameterClass="java.util.Map" resultClass="Bonus">
		select <include refid="Bonus.RESULT" /> from bonus <include refid="Bonus.WHERE" />
		<isNotNull prepend="order" property="orderBy"> by $orderBy$ </isNotNull>
		<isNotNull prepend="limit" property="size"> #first#,#size# </isNotNull>
	</select>

	<select id="Bonus.selectCount" parameterClass="java.util.Map" resultClass="java.lang.Long">
		select count(*) from bonus <include refid="Bonus.WHERE" />
	</select>

	<select id="Bonus.selectSum" parameterClass="java.util.Map" resultClass="java.lang.Double">
		select sum($field$) as sumField from bonus <include refid="Bonus.WHERE" />
	</select>

</sqlMap>
