<?xml version="1.0" encoding="UTF-8"?>
<!DOCTYPE sqlMap PUBLIC "-//ibatis.apache.org//DTD SQL Map 2.0//EN" "http://ibatis.apache.org/dtd/sql-map-2.dtd">

<sqlMap>

	<typeAlias alias="Message" type="com.cslc.dao.message.Message" />

	<sql id="Message.RESULT">
		accountid,createtime,id,category,content,status,title
	</sql>

	<sql id="Message.WHERE">
		<dynamic prepend="where">
			<isNotEmpty prepend="and" property="accountid"> accountid = #accountid:BIGINT# </isNotEmpty>
			<isNotEmpty prepend="and" property="createtime"> createtime = #createtime:DATETIME# </isNotEmpty>
			<isNotEmpty prepend="and" property="createtimeGEt"> createtime <![CDATA[>=]]> #createtimeGEt:DATETIME# </isNotEmpty>
			<isNotEmpty prepend="and" property="createtimeLt"> createtime <![CDATA[<]]> #createtimeLt:DATETIME# </isNotEmpty>
			<isNotEmpty prepend="and" property="id"> id = #id:BIGINT# </isNotEmpty>
			<isNotEmpty prepend="and" property="category"> category = #category:INT# </isNotEmpty>
			<isNotEmpty prepend="and" property="content"> content = #content:VARCHAR# </isNotEmpty>
			<isNotEmpty prepend="and" property="title"> title = #title:VARCHAR# </isNotEmpty>
			<isNotEmpty prepend="and" property="status"> status = #status:TINYINT# </isNotEmpty>
		</dynamic>
	</sql>

	<select id="Message.selectById" parameterClass="java.lang.Long" resultClass="Message">
		select <include refid="Message.RESULT" /> from message where id = #id:BIGINT#
	</select>

	<insert id="Message.insert" parameterClass="Message">
		insert into message
		<dynamic prepend="(">
			<isNotNull prepend="," property="accountid"> accountid </isNotNull>
			<isNotNull prepend="," property="createtime"> createtime </isNotNull>
			<isNotNull prepend="," property="category"> category </isNotNull>
			<isNotNull prepend="," property="content"> content </isNotNull>
			<isNotNull prepend="," property="title"> title </isNotNull>
			<isNotNull prepend="," property="status"> status </isNotNull>
			)
		</dynamic>
		values
		<dynamic prepend="(">
			<isNotNull prepend="," property="accountid"> #accountid:BIGINT# </isNotNull>
			<isNotNull prepend="," property="createtime"> #createtime:DATETIME# </isNotNull>
			<isNotNull prepend="," property="category"> #category:INT# </isNotNull>
			<isNotNull prepend="," property="content"> #content:VARCHAR# </isNotNull>
			<isNotNull prepend="," property="title"> #title:VARCHAR# </isNotNull>
			<isNotNull prepend="," property="status"> #status:TINYINT# </isNotNull>
			)
		</dynamic>
		<selectKey resultClass="java.lang.Long" keyProperty="id">
			<![CDATA[SELECT LAST_INSERT_ID() AS ID ]]>
		</selectKey>
	</insert>

	<delete id="Message.delete" parameterClass="java.lang.Long">
		delete from message where id = #id:BIGINT#
	</delete>

	<update id="Message.update" parameterClass="Message">
		update message
		<dynamic prepend="set">
			<isNotNull prepend="," property="accountid"> accountid = #accountid:BIGINT# </isNotNull>
			<isNotNull prepend="," property="category"> category = #category:INT# </isNotNull>
			<isNotNull prepend="," property="content"> content = #content:VARCHAR# </isNotNull>
			<isNotNull prepend="," property="title"> title = #title:VARCHAR# </isNotNull>
			<isNotNull prepend="," property="status"> status = #status:TINYINT# </isNotNull>
		</dynamic>
		WHERE id = #id:BIGINT#
	</update>

	<select id="Message.select" parameterClass="java.util.Map" resultClass="Message">
		select <include refid="Message.RESULT" /> from message <include refid="Message.WHERE" />
		<isNotNull prepend="order" property="orderBy"> by $orderBy$ </isNotNull>
		<isNotNull prepend="limit" property="size"> #first#,#size# </isNotNull>
	</select>

	<select id="Message.selectCount" parameterClass="java.util.Map" resultClass="java.lang.Long">
		select count(*) from message <include refid="Message.WHERE" />
	</select>

	<select id="Message.selectSum" parameterClass="java.util.Map" resultClass="java.lang.Double">
		select sum($field$) as sumField from message <include refid="Message.WHERE" />
	</select>

</sqlMap>
