<?xml version="1.0" encoding="UTF-8"?>
<!DOCTYPE sqlMap PUBLIC "-//ibatis.apache.org//DTD SQL Map 2.0//EN" "http://ibatis.apache.org/dtd/sql-map-2.dtd">

<sqlMap>

	<typeAlias alias="Submitcode" type="com.cslc.dao.submitcode.Submitcode" />

	<sql id="Submitcode.RESULT">
		accountid,createtime,code,ip,mobile,id,terminalid,category,status
	</sql>

	<sql id="Submitcode.WHERE">
		<dynamic prepend="where">
			<isNotEmpty prepend="and" property="accountid"> accountid = #accountid:BIGINT# </isNotEmpty>
			<isNotEmpty prepend="and" property="createtime"> createtime = #createtime:DATETIME# </isNotEmpty>
			<isNotEmpty prepend="and" property="code"> code = #code:VARCHAR# </isNotEmpty>
			<isNotEmpty prepend="and" property="ip"> ip = #ip:VARCHAR# </isNotEmpty>
			<isNotEmpty prepend="and" property="mobile"> mobile = #mobile:VARCHAR# </isNotEmpty>
			<isNotEmpty prepend="and" property="id"> id = #id:BIGINT# </isNotEmpty>
			<isNotEmpty prepend="and" property="terminalid"> terminalid = #terminalid:VARCHAR# </isNotEmpty>
			<isNotEmpty prepend="and" property="category"> category = #category:INT# </isNotEmpty>
			<isNotEmpty prepend="and" property="status"> status = #status:TINYINT# </isNotEmpty>
			<isNotEmpty prepend="and" property="daystime"><![CDATA[ABS(TIMESTAMPDIFF(DAY,createtime,#daystime:DATETIME#)) <= #days:INT#]]></isNotEmpty>
			<isNotEmpty prepend="and" property="minutestime"><![CDATA[ABS(TIMESTAMPDIFF(MINUTE,createtime,#minutestime:DATETIME#)) <= #minutes:INT#]]></isNotEmpty>
		</dynamic>
	</sql>

	<select id="Submitcode.selectById" parameterClass="java.lang.Long" resultClass="Submitcode">
		select <include refid="Submitcode.RESULT" /> from submitcode where id = #id:BIGINT#
	</select>

	<insert id="Submitcode.insert" parameterClass="Submitcode">
		insert into submitcode
		<dynamic prepend="(">
			<isNotNull prepend="," property="accountid"> accountid </isNotNull>
			<isNotNull prepend="," property="createtime"> createtime </isNotNull>
			<isNotNull prepend="," property="code"> code </isNotNull>
			<isNotNull prepend="," property="ip"> ip </isNotNull>
			<isNotNull prepend="," property="mobile"> mobile </isNotNull>
			<isNotNull prepend="," property="terminalid"> terminalid </isNotNull>
			<isNotNull prepend="," property="category"> category </isNotNull>
			<isNotNull prepend="," property="status"> status </isNotNull>
			)
		</dynamic>
		values
		<dynamic prepend="(">
			<isNotNull prepend="," property="accountid"> #accountid:BIGINT# </isNotNull>
			<isNotNull prepend="," property="createtime"> #createtime:DATETIME# </isNotNull>
			<isNotNull prepend="," property="code"> #code:VARCHAR# </isNotNull>
			<isNotNull prepend="," property="ip"> #ip:VARCHAR# </isNotNull>
			<isNotNull prepend="," property="mobile"> #mobile:VARCHAR# </isNotNull>
			<isNotNull prepend="," property="terminalid"> #terminalid:VARCHAR# </isNotNull>
			<isNotNull prepend="," property="category"> #category:INT# </isNotNull>
			<isNotNull prepend="," property="status"> #status:TINYINT# </isNotNull>
			)
		</dynamic>
		<selectKey resultClass="java.lang.Long" keyProperty="id">
			<![CDATA[SELECT LAST_INSERT_ID() AS ID ]]>
		</selectKey>
	</insert>

	<delete id="Submitcode.delete" parameterClass="java.lang.Long">
		delete from submitcode where id = #id:BIGINT#
	</delete>

	<update id="Submitcode.update" parameterClass="Submitcode">
		update submitcode
		<dynamic prepend="set">
			<isNotNull prepend="," property="accountid"> accountid = #accountid:BIGINT# </isNotNull>
			<isNotNull prepend="," property="code"> code = #code:VARCHAR# </isNotNull>
			<isNotNull prepend="," property="ip"> ip = #ip:VARCHAR# </isNotNull>
			<isNotNull prepend="," property="mobile"> mobile = #mobile:VARCHAR# </isNotNull>
			<isNotNull prepend="," property="terminalid"> terminalid = #terminalid:VARCHAR# </isNotNull>
			<isNotNull prepend="," property="category"> category = #category:INT# </isNotNull>
			<isNotNull prepend="," property="status"> status = #status:TINYINT# </isNotNull>
		</dynamic>
		WHERE id = #id:BIGINT#
	</update>

	<select id="Submitcode.select" parameterClass="java.util.Map" resultClass="Submitcode">
		select <include refid="Submitcode.RESULT" /> from submitcode <include refid="Submitcode.WHERE" />
		<isNotNull prepend="order" property="orderBy"> by $orderBy$ </isNotNull>
		<isNotNull prepend="limit" property="size"> #first#,#size# </isNotNull>
	</select>

	<select id="Submitcode.selectCount" parameterClass="java.util.Map" resultClass="java.lang.Long">
		select count(*) from submitcode <include refid="Submitcode.WHERE" />
	</select>

	<select id="Submitcode.selectSum" parameterClass="java.util.Map" resultClass="java.lang.Double">
		select sum($field$) as sumField from submitcode <include refid="Submitcode.WHERE" />
	</select>

</sqlMap>
