<?xml version="1.0" encoding="UTF-8"?>
<!DOCTYPE sqlMap PUBLIC "-//ibatis.apache.org//DTD SQL Map 2.0//EN" "http://ibatis.apache.org/dtd/sql-map-2.dtd">

<sqlMap>

	<typeAlias alias="Shorturl" type="com.cslc.dao.shorturl.Shorturl" />

	<sql id="Shorturl.RESULT">
		createtime,code,id,url
	</sql>

	<sql id="Shorturl.WHERE">
		<dynamic prepend="where">
			<isNotEmpty prepend="and" property="createtime"> createtime = #createtime:DATETIME# </isNotEmpty>
			<isNotEmpty prepend="and" property="code"> code = #code:VARCHAR# </isNotEmpty>
			<isNotEmpty prepend="and" property="id"> id = #id:BIGINT# </isNotEmpty>
			<isNotEmpty prepend="and" property="url"> url = #url:VARCHAR# </isNotEmpty>
		</dynamic>
	</sql>

	<select id="Shorturl.selectById" parameterClass="java.lang.Long" resultClass="Shorturl">
		select <include refid="Shorturl.RESULT" /> from shorturl where id = #id:BIGINT#
	</select>

	<insert id="Shorturl.insert" parameterClass="Shorturl">
		insert into shorturl
		<dynamic prepend="(">
			<isNotNull prepend="," property="createtime"> createtime </isNotNull>
			<isNotNull prepend="," property="code"> code </isNotNull>
			<isNotNull prepend="," property="url"> url </isNotNull>
			)
		</dynamic>
		values
		<dynamic prepend="(">
			<isNotNull prepend="," property="createtime"> #createtime:DATETIME# </isNotNull>
			<isNotNull prepend="," property="code"> #code:VARCHAR# </isNotNull>
			<isNotNull prepend="," property="url"> #url:VARCHAR# </isNotNull>
			)
		</dynamic>
		<selectKey resultClass="java.lang.Long" keyProperty="id">
			<![CDATA[SELECT LAST_INSERT_ID() AS ID ]]>
		</selectKey>
	</insert>

	<delete id="Shorturl.delete" parameterClass="java.lang.Long">
		delete from shorturl where id = #id:BIGINT#
	</delete>

	<update id="Shorturl.update" parameterClass="Shorturl">
		update shorturl
		<dynamic prepend="set">
			<isNotNull prepend="," property="code"> code = #code:VARCHAR# </isNotNull>
			<isNotNull prepend="," property="url"> url = #url:VARCHAR# </isNotNull>
		</dynamic>
		WHERE id = #id:BIGINT#
	</update>

	<select id="Shorturl.select" parameterClass="java.util.Map" resultClass="Shorturl">
		select <include refid="Shorturl.RESULT" /> from shorturl <include refid="Shorturl.WHERE" />
		<isNotNull prepend="order" property="orderBy"> by $orderBy$ </isNotNull>
		<isNotNull prepend="limit" property="size"> #first#,#size# </isNotNull>
	</select>

	<select id="Shorturl.selectCount" parameterClass="java.util.Map" resultClass="java.lang.Long">
		select count(*) from shorturl <include refid="Shorturl.WHERE" />
	</select>

	<select id="Shorturl.selectSum" parameterClass="java.util.Map" resultClass="java.lang.Double">
		select sum($field$) as sumField from shorturl <include refid="Shorturl.WHERE" />
	</select>

</sqlMap>
