<?xml version="1.0" encoding="UTF-8"?>
<!DOCTYPE sqlMap PUBLIC "-//ibatis.apache.org//DTD SQL Map 2.0//EN" "http://ibatis.apache.org/dtd/sql-map-2.dtd">

<sqlMap>

	<typeAlias alias="Question" type="com.cslc.dao.question.Question" />

	<sql id="Question.RESULT">
		createtime,question,answer,id,category,status,serialno
	</sql>

	<sql id="Question.WHERE">
		<dynamic prepend="where">
			<isNotEmpty prepend="and" property="createtime"> createtime = #createtime:DATETIME# </isNotEmpty>
			<isNotEmpty prepend="and" property="question"> question = #question:VARCHAR# </isNotEmpty>
			<isNotEmpty prepend="and" property="answer"> answer = #answer:VARCHAR# </isNotEmpty>
			<isNotEmpty prepend="and" property="id"> id = #id:BIGINT# </isNotEmpty>
			<isNotEmpty prepend="and" property="category"> category = #category:INT# </isNotEmpty>
			<isNotEmpty prepend="and" property="status"> status = #status:TINYINT# </isNotEmpty>
			<isNotEmpty prepend="and" property="serialno"> serialno = #serialno:INT# </isNotEmpty>
		</dynamic>
	</sql>

	<select id="Question.selectById" parameterClass="java.lang.Long" resultClass="Question">
		select <include refid="Question.RESULT" /> from question where id = #id:BIGINT#
	</select>

	<insert id="Question.insert" parameterClass="Question">
		insert into question
		<dynamic prepend="(">
			<isNotNull prepend="," property="createtime"> createtime </isNotNull>
			<isNotNull prepend="," property="question"> question </isNotNull>
			<isNotNull prepend="," property="answer"> answer </isNotNull>
			<isNotNull prepend="," property="category"> category </isNotNull>
			<isNotNull prepend="," property="status"> status </isNotNull>
			<isNotNull prepend="," property="serialno"> serialno </isNotNull>
			)
		</dynamic>
		values
		<dynamic prepend="(">
			<isNotNull prepend="," property="createtime"> #createtime:DATETIME# </isNotNull>
			<isNotNull prepend="," property="question"> #question:VARCHAR# </isNotNull>
			<isNotNull prepend="," property="answer"> #answer:VARCHAR# </isNotNull>
			<isNotNull prepend="," property="category"> #category:INT# </isNotNull>
			<isNotNull prepend="," property="status"> #status:TINYINT# </isNotNull>
			<isNotNull prepend="," property="serialno"> #serialno:INT# </isNotNull>
			)
		</dynamic>
		<selectKey resultClass="java.lang.Long" keyProperty="id">
			<![CDATA[SELECT LAST_INSERT_ID() AS ID ]]>
		</selectKey>
	</insert>

	<delete id="Question.delete" parameterClass="java.lang.Long">
		delete from question where id = #id:BIGINT#
	</delete>

	<update id="Question.update" parameterClass="Question">
		update question
		<dynamic prepend="set">
			<isNotNull prepend="," property="question"> question = #question:VARCHAR# </isNotNull>
			<isNotNull prepend="," property="answer"> answer = #answer:VARCHAR# </isNotNull>
			<isNotNull prepend="," property="category"> category = #category:INT# </isNotNull>
			<isNotNull prepend="," property="status"> status = #status:TINYINT# </isNotNull>
			<isNotNull prepend="," property="serialno"> serialno = #serialno:INT# </isNotNull>
		</dynamic>
		WHERE id = #id:BIGINT#
	</update>

	<select id="Question.select" parameterClass="java.util.Map" resultClass="Question">
		select <include refid="Question.RESULT" /> from question <include refid="Question.WHERE" />
		<isNotNull prepend="order" property="orderBy"> by $orderBy$ </isNotNull>
		<isNotNull prepend="limit" property="size"> #first#,#size# </isNotNull>
	</select>

	<select id="Question.selectCount" parameterClass="java.util.Map" resultClass="java.lang.Long">
		select count(*) from question <include refid="Question.WHERE" />
	</select>

	<select id="Question.selectSum" parameterClass="java.util.Map" resultClass="java.lang.Double">
		select sum($field$) as sumField from question <include refid="Question.WHERE" />
	</select>

</sqlMap>
