<?xml version="1.0" encoding="UTF-8"?>
<!DOCTYPE sqlMap PUBLIC "-//ibatis.apache.org//DTD SQL Map 2.0//EN" "http://ibatis.apache.org/dtd/sql-map-2.dtd">

<sqlMap>

	<typeAlias alias="Systemdef" type="com.cslc.dao.systemdef.Systemdef" />

	<sql id="Systemdef.RESULT">
		v,category,k,status
	</sql>

	<sql id="Systemdef.WHERE">
		<dynamic prepend="where">
			<isNotEmpty prepend="and" property="v"> v = #v:VARCHAR# </isNotEmpty>
			<isNotEmpty prepend="and" property="category"> category = #category:VARCHAR# </isNotEmpty>
			<isNotEmpty prepend="and" property="k"> k = #k:VARCHAR# </isNotEmpty>
			<isNotEmpty prepend="and" property="status"> status = #status:TINYINT# </isNotEmpty>
		</dynamic>
	</sql>

	<select id="Systemdef.selectById" parameterClass="java.lang.String" resultClass="Systemdef">
		select <include refid="Systemdef.RESULT" /> from systemdef where k = #k:VARCHAR#
	</select>

	<insert id="Systemdef.insert" parameterClass="Systemdef">
		insert into systemdef
		<dynamic prepend="(">
			<isNotNull prepend="," property="v"> v </isNotNull>
			<isNotNull prepend="," property="category"> category </isNotNull>
			<isNotNull prepend="," property="k"> k </isNotNull>
			<isNotNull prepend="," property="status"> status </isNotNull>
			)
		</dynamic>
		values
		<dynamic prepend="(">
			<isNotNull prepend="," property="v"> #v:VARCHAR# </isNotNull>
			<isNotNull prepend="," property="category"> #category:VARCHAR# </isNotNull>
			<isNotNull prepend="," property="k"> #k:VARCHAR# </isNotNull>
			<isNotNull prepend="," property="status"> #status:TINYINT# </isNotNull>
			)
		</dynamic>
	</insert>

	<delete id="Systemdef.delete" parameterClass="java.lang.String">
		delete from systemdef where k = #k:VARCHAR#
	</delete>

	<update id="Systemdef.update" parameterClass="Systemdef">
		update systemdef
		<dynamic prepend="set">
			<isNotNull prepend="," property="v"> v = #v:VARCHAR# </isNotNull>
			<isNotNull prepend="," property="category"> category = #category:VARCHAR# </isNotNull>
			<isNotNull prepend="," property="k"> k = #k:VARCHAR# </isNotNull>
			<isNotNull prepend="," property="status"> status = #status:TINYINT# </isNotNull>
		</dynamic>
		WHERE k = #k:VARCHAR#
	</update>

	<select id="Systemdef.select" parameterClass="java.util.Map" resultClass="Systemdef">
		select <include refid="Systemdef.RESULT" /> from systemdef <include refid="Systemdef.WHERE" />
		<isNotNull prepend="order" property="orderBy"> by $orderBy$ </isNotNull>
		<isNotNull prepend="limit" property="size"> #first#,#size# </isNotNull>
	</select>

	<select id="Systemdef.selectCount" parameterClass="java.util.Map" resultClass="java.lang.Long">
		select count(*) from systemdef <include refid="Systemdef.WHERE" />
	</select>

	<select id="Systemdef.selectSum" parameterClass="java.util.Map" resultClass="java.lang.Double">
		select sum($field$) as sumField from systemdef <include refid="Systemdef.WHERE" />
	</select>

</sqlMap>
