<?xml version="1.0" encoding="UTF-8"?>
<!DOCTYPE sqlMap PUBLIC "-//ibatis.apache.org//DTD SQL Map 2.0//EN" "http://ibatis.apache.org/dtd/sql-map-2.dtd">

<sqlMap>

	<typeAlias alias="Feedback" type="com.cslc.dao.feedback.Feedback" />

	<sql id="Feedback.RESULT">
		accountid,createtime,replytime,question,manager,channel,id,reply,status
	</sql>

	<sql id="Feedback.WHERE">
		<dynamic prepend="where">
			<isNotEmpty prepend="and" property="accountid"> accountid = #accountid:BIGINT# </isNotEmpty>
			<isNotEmpty prepend="and" property="createtime"> createtime = #createtime:DATETIME# </isNotEmpty>
			<isNotEmpty prepend="and" property="createtimeGEt"> createtime <![CDATA[>=]]> #createtimeGEt:DATETIME# </isNotEmpty>
			<isNotEmpty prepend="and" property="createtimeLt"> createtime <![CDATA[<]]> #createtimeLt:DATETIME# </isNotEmpty>
			<isNotEmpty prepend="and" property="replytime"> replytime = #replytime:DATETIME# </isNotEmpty>
			<isNotEmpty prepend="and" property="question"> question = #question:VARCHAR# </isNotEmpty>
			<isNotEmpty prepend="and" property="manager"> manager = #manager:VARCHAR# </isNotEmpty>
			<isNotEmpty prepend="and" property="managerNULL"> manager is null </isNotEmpty>
			<isNotEmpty prepend="and" property="channel"> channel = #channel:TINYINT# </isNotEmpty>
			<isNotEmpty prepend="and" property="id"> id = #id:BIGINT# </isNotEmpty>
			<isNotEmpty prepend="and" property="reply"> reply = #reply:VARCHAR# </isNotEmpty>
			<isNotEmpty prepend="and" property="status"> status = #status:TINYINT# </isNotEmpty>
			<isNotEmpty prepend="and" property="statusNE"> status != #statusNE:TINYINT# </isNotEmpty>
		</dynamic>
	</sql>

	<select id="Feedback.selectById" parameterClass="java.lang.Long" resultClass="Feedback">
		select <include refid="Feedback.RESULT" /> from feedback where id = #id:BIGINT#
	</select>

	<insert id="Feedback.insert" parameterClass="Feedback">
		insert into feedback
		<dynamic prepend="(">
			<isNotNull prepend="," property="accountid"> accountid </isNotNull>
			<isNotNull prepend="," property="createtime"> createtime </isNotNull>
			<isNotNull prepend="," property="replytime"> replytime </isNotNull>
			<isNotNull prepend="," property="question"> question </isNotNull>
			<isNotNull prepend="," property="manager"> manager </isNotNull>
			<isNotNull prepend="," property="channel"> channel </isNotNull>
			<isNotNull prepend="," property="reply"> reply </isNotNull>
			<isNotNull prepend="," property="status"> status </isNotNull>
			)
		</dynamic>
		values
		<dynamic prepend="(">
			<isNotNull prepend="," property="accountid"> #accountid:BIGINT# </isNotNull>
			<isNotNull prepend="," property="createtime"> #createtime:DATETIME# </isNotNull>
			<isNotNull prepend="," property="replytime"> #replytime:DATETIME# </isNotNull>
			<isNotNull prepend="," property="question"> #question:VARCHAR# </isNotNull>
			<isNotNull prepend="," property="manager"> #manager:VARCHAR# </isNotNull>
			<isNotNull prepend="," property="channel"> #channel:TINYINT# </isNotNull>
			<isNotNull prepend="," property="reply"> #reply:VARCHAR# </isNotNull>
			<isNotNull prepend="," property="status"> #status:TINYINT# </isNotNull>
			)
		</dynamic>
		<selectKey resultClass="java.lang.Long" keyProperty="id">
			<![CDATA[SELECT LAST_INSERT_ID() AS ID ]]>
		</selectKey>
	</insert>

	<delete id="Feedback.delete" parameterClass="java.lang.Long">
		delete from feedback where id = #id:BIGINT#
	</delete>

	<update id="Feedback.update" parameterClass="Feedback">
		update feedback
		<dynamic prepend="set">
			<isNotNull prepend="," property="accountid"> accountid = #accountid:BIGINT# </isNotNull>
			<isNotNull prepend="," property="replytime"> replytime = #replytime:DATETIME# </isNotNull>
			<isNotNull prepend="," property="question"> question = #question:VARCHAR# </isNotNull>
			<isNotNull prepend="," property="manager"> manager = #manager:VARCHAR# </isNotNull>
			<isNotNull prepend="," property="channel"> channel = #channel:TINYINT# </isNotNull>
			<isNotNull prepend="," property="reply"> reply = #reply:VARCHAR# </isNotNull>
			<isNotNull prepend="," property="status"> status = #status:TINYINT# </isNotNull>
		</dynamic>
		WHERE id = #id:BIGINT#
	</update>

	<select id="Feedback.select" parameterClass="java.util.Map" resultClass="Feedback">
		select <include refid="Feedback.RESULT" /> from feedback <include refid="Feedback.WHERE" />
		<isNotNull prepend="order" property="orderBy"> by $orderBy$ </isNotNull>
		<isNotNull prepend="limit" property="size"> #first#,#size# </isNotNull>
	</select>

	<select id="Feedback.selectCount" parameterClass="java.util.Map" resultClass="java.lang.Long">
		select count(*) from feedback <include refid="Feedback.WHERE" />
	</select>

	<select id="Feedback.selectSum" parameterClass="java.util.Map" resultClass="java.lang.Double">
		select sum($field$) as sumField from feedback <include refid="Feedback.WHERE" />
	</select>

</sqlMap>
