<?xml version="1.0" encoding="UTF-8"?>
<!DOCTYPE sqlMap PUBLIC "-//ibatis.apache.org//DTD SQL Map 2.0//EN" "http://ibatis.apache.org/dtd/sql-map-2.dtd">

<sqlMap>

	<typeAlias alias="Selfitem" type="com.cslc.dao.selfitem.Selfitem" />

	<sql id="Selfitem.RESULT">
		selfitemprojectid,annualrateextra,createtime,incometime,restamount,activitytitle,starttime,unitprice,backtime,finishtime,limittype,activityurl,totalamount,limitamount,name,freezeamount,incomedays,totalincome,id,annualrate,unitincome,status,activitycontent,endtime
	</sql>

	<sql id="Selfitem.WHERE">
		<dynamic prepend="where">
			<isNotEmpty prepend="and" property="annualrateextra"> annualrateextra = #annualrateextra:DECIMAL# </isNotEmpty>
			<isNotEmpty prepend="and" property="createtime"> createtime = #createtime:DATETIME# </isNotEmpty>
			<isNotEmpty prepend="and" property="incometime"> incometime = #incometime:DATETIME# </isNotEmpty>
			<isNotEmpty prepend="and" property="restamountGt"> restamount > #restamountGt:DECIMAL# </isNotEmpty>
			<isNotEmpty prepend="and" property="activitytitle"> activitytitle = #activitytitle:VARCHAR# </isNotEmpty>
			<isNotEmpty prepend="and" property="noactivitytitle"> activitytitle != #noactivitytitle:VARCHAR# </isNotEmpty>
			<isNotEmpty prepend="and" property="starttime"> starttime = #starttime:DATETIME# </isNotEmpty>
			<isNotEmpty prepend="and" property="starttimeStart">  starttime <![CDATA[>=]]> #starttimeStart:DATETIME# </isNotEmpty>
			<isNotEmpty prepend="and" property="starttimeEnd">  starttime <![CDATA[<]]> #starttimeEnd:DATETIME# </isNotEmpty>
			<isNotEmpty prepend="and" property="unitprice"> unitprice = #unitprice:DECIMAL# </isNotEmpty>
			<isNotEmpty prepend="and" property="backtime"> backtime = #backtime:DATETIME# </isNotEmpty>
			<isNotEmpty prepend="and" property="finishtime"> finishtime = #finishtime:DATETIME# </isNotEmpty>
			<isNotEmpty prepend="and" property="finishtimeGEt"> finishtime <![CDATA[>=]]> #finishtimeGEt:DATETIME# </isNotEmpty>
			<isNotEmpty prepend="and" property="finishtimeLt"> finishtime <![CDATA[<]]> #finishtimeLt:DATETIME# </isNotEmpty>
			<isNotEmpty prepend="and" property="limittype"> limittype = #limittype:TINYINT# </isNotEmpty>
			<isNotEmpty prepend="and" property="activityurl"> activityurl = #activityurl:VARCHAR# </isNotEmpty>
			<isNotEmpty prepend="and" property="totalamount"> totalamount = #totalamount:DECIMAL# </isNotEmpty>
			<isNotEmpty prepend="and" property="limitamount"> limitamount = #limitamount:DECIMAL# </isNotEmpty>
			<isNotEmpty prepend="and" property="name"> name = #name:VARCHAR# </isNotEmpty>
			<isNotEmpty prepend="and" property="freezeamount"> freezeamount = #freezeamount:DECIMAL# </isNotEmpty>
			<isNotEmpty prepend="and" property="incomedays"> incomedays = #incomedays:INT# </isNotEmpty>
			<isNotEmpty prepend="and" property="totalincome"> totalincome = #totalincome:DECIMAL# </isNotEmpty>
			<isNotEmpty prepend="and" property="id"> id = #id:BIGINT# </isNotEmpty>
			<isNotEmpty prepend="and" property="selfitemprojectid"> selfitemprojectid = #selfitemprojectid:BIGINT# </isNotEmpty>
			<isNotEmpty prepend="and" property="annualrate"> annualrate = #annualrate:DECIMAL# </isNotEmpty>
			<isNotEmpty prepend="and" property="unitincome"> unitincome = #unitincome:DECIMAL# </isNotEmpty>
			<isNotEmpty prepend="and" property="status"> status = #status:TINYINT# </isNotEmpty>
			<isNotEmpty prepend="and" property="notStatus"> status != #notStatus:TINYINT# </isNotEmpty>
			<isNotEmpty prepend="and" property="activitycontent"> activitycontent = #activitycontent:VARCHAR# </isNotEmpty>
			<isNotEmpty prepend="and" property="endtimeLEt"> endtime <![CDATA[<=]]> #endtimeLEt:DATETIME# </isNotEmpty>
		</dynamic>
	</sql>

	<select id="Selfitem.selectById" parameterClass="java.lang.Long" resultClass="Selfitem">
		select <include refid="Selfitem.RESULT" /> from selfitem where id = #id:BIGINT#
	</select>

	<insert id="Selfitem.insert" parameterClass="Selfitem">
		insert into selfitem
		<dynamic prepend="(">
			<isNotNull prepend="," property="selfitemprojectid"> selfitemprojectid </isNotNull>
			<isNotNull prepend="," property="annualrateextra"> annualrateextra </isNotNull>
			<isNotNull prepend="," property="createtime"> createtime </isNotNull>
			<isNotNull prepend="," property="incometime"> incometime </isNotNull>
			<isNotNull prepend="," property="restamount"> restamount </isNotNull>
			<isNotNull prepend="," property="activitytitle"> activitytitle </isNotNull>
			<isNotNull prepend="," property="starttime"> starttime </isNotNull>
			<isNotNull prepend="," property="unitprice"> unitprice </isNotNull>
			<isNotNull prepend="," property="backtime"> backtime </isNotNull>
			<isNotNull prepend="," property="finishtime"> finishtime </isNotNull>
			<isNotNull prepend="," property="limittype"> limittype </isNotNull>
			<isNotNull prepend="," property="activityurl"> activityurl </isNotNull>
			<isNotNull prepend="," property="totalamount"> totalamount </isNotNull>
			<isNotNull prepend="," property="limitamount"> limitamount </isNotNull>
			<isNotNull prepend="," property="name"> name </isNotNull>
			<isNotNull prepend="," property="freezeamount"> freezeamount </isNotNull>
			<isNotNull prepend="," property="incomedays"> incomedays </isNotNull>
			<isNotNull prepend="," property="totalincome"> totalincome </isNotNull>
			<isNotNull prepend="," property="annualrate"> annualrate </isNotNull>
			<isNotNull prepend="," property="unitincome"> unitincome </isNotNull>
			<isNotNull prepend="," property="status"> status </isNotNull>
			<isNotNull prepend="," property="activitycontent"> activitycontent </isNotNull>
			<isNotNull prepend="," property="endtime"> endtime </isNotNull>
			)
		</dynamic>
		values
		<dynamic prepend="(">
			<isNotNull prepend="," property="selfitemprojectid"> #selfitemprojectid:BIGINT# </isNotNull>
			<isNotNull prepend="," property="annualrateextra"> #annualrateextra:DECIMAL# </isNotNull>
			<isNotNull prepend="," property="createtime"> #createtime:DATETIME# </isNotNull>
			<isNotNull prepend="," property="incometime"> #incometime:DATETIME# </isNotNull>
			<isNotNull prepend="," property="restamount"> #restamount:DECIMAL# </isNotNull>
			<isNotNull prepend="," property="activitytitle"> #activitytitle:VARCHAR# </isNotNull>
			<isNotNull prepend="," property="starttime"> #starttime:DATETIME# </isNotNull>
			<isNotNull prepend="," property="unitprice"> #unitprice:DECIMAL# </isNotNull>
			<isNotNull prepend="," property="backtime"> #backtime:DATETIME# </isNotNull>
			<isNotNull prepend="," property="finishtime"> #finishtime:DATETIME# </isNotNull>
			<isNotNull prepend="," property="limittype"> #limittype:TINYINT# </isNotNull>
			<isNotNull prepend="," property="activityurl"> #activityurl:VARCHAR# </isNotNull>
			<isNotNull prepend="," property="totalamount"> #totalamount:DECIMAL# </isNotNull>
			<isNotNull prepend="," property="limitamount"> #limitamount:DECIMAL# </isNotNull>
			<isNotNull prepend="," property="name"> #name:VARCHAR# </isNotNull>
			<isNotNull prepend="," property="freezeamount"> #freezeamount:DECIMAL# </isNotNull>
			<isNotNull prepend="," property="incomedays"> #incomedays:INT# </isNotNull>
			<isNotNull prepend="," property="totalincome"> #totalincome:DECIMAL# </isNotNull>
			<isNotNull prepend="," property="annualrate"> #annualrate:DECIMAL# </isNotNull>
			<isNotNull prepend="," property="unitincome"> #unitincome:DECIMAL# </isNotNull>
			<isNotNull prepend="," property="status"> #status:TINYINT# </isNotNull>
			<isNotNull prepend="," property="activitycontent"> #activitycontent:VARCHAR# </isNotNull>
			<isNotNull prepend="," property="endtime"> #endtime:DATETIME# </isNotNull>
			)
		</dynamic>
		<selectKey resultClass="java.lang.Long" keyProperty="id">
			<![CDATA[SELECT LAST_INSERT_ID() AS ID ]]>
		</selectKey>
	</insert>

	<delete id="Selfitem.delete" parameterClass="java.lang.Long">
		delete from selfitem where id = #id:BIGINT#
	</delete>

	<update id="Selfitem.update" parameterClass="Selfitem">
		update selfitem
		<dynamic prepend="set">
			<isNotNull prepend="," property="selfitemprojectid"> selfitemprojectid = #selfitemprojectid:BIGINT# </isNotNull>
			<isNotNull prepend="," property="annualrateextra"> annualrateextra = #annualrateextra:DECIMAL# </isNotNull>
			<isNotNull prepend="," property="incometime"> incometime = #incometime:DATETIME# </isNotNull>
			<isNotNull prepend="," property="restamount"> restamount = #restamount:DECIMAL# </isNotNull>
			<isNotNull prepend="," property="activitytitle"> activitytitle = #activitytitle:VARCHAR# </isNotNull>
			<isNotNull prepend="," property="starttime"> starttime = #starttime:DATETIME# </isNotNull>
			<isNotNull prepend="," property="unitprice"> unitprice = #unitprice:DECIMAL# </isNotNull>
			<isNotNull prepend="," property="backtime"> backtime = #backtime:DATETIME# </isNotNull>
			<isNotNull prepend="," property="finishtime"> finishtime = #finishtime:DATETIME# </isNotNull>
			<isNotNull prepend="," property="limittype"> limittype = #limittype:TINYINT# </isNotNull>
			<isNotNull prepend="," property="activityurl"> activityurl = #activityurl:VARCHAR# </isNotNull>
			<isNotNull prepend="," property="totalamount"> totalamount = #totalamount:DECIMAL# </isNotNull>
			<isNotNull prepend="," property="limitamount"> limitamount = #limitamount:DECIMAL# </isNotNull>
			<isNotNull prepend="," property="name"> name = #name:VARCHAR# </isNotNull>
			<isNotNull prepend="," property="freezeamount"> freezeamount = #freezeamount:DECIMAL# </isNotNull>
			<isNotNull prepend="," property="incomedays"> incomedays = #incomedays:INT# </isNotNull>
			<isNotNull prepend="," property="totalincome"> totalincome = #totalincome:DECIMAL# </isNotNull>
			<isNotNull prepend="," property="annualrate"> annualrate = #annualrate:DECIMAL# </isNotNull>
			<isNotNull prepend="," property="unitincome"> unitincome = #unitincome:DECIMAL# </isNotNull>
			<isNotNull prepend="," property="status"> status = #status:TINYINT# </isNotNull>
			<isNotNull prepend="," property="activitycontent"> activitycontent = #activitycontent:VARCHAR# </isNotNull>
			<isNotNull prepend="," property="endtime"> endtime = #endtime:DATETIME# </isNotNull>
		</dynamic>
		WHERE id = #id:BIGINT#
	</update>

	<select id="Selfitem.select" parameterClass="java.util.Map" resultClass="Selfitem">
		select <include refid="Selfitem.RESULT" /> from selfitem <include refid="Selfitem.WHERE" />
		<isNotNull prepend="order" property="orderBy"> by $orderBy$ </isNotNull>
		<isNotNull prepend="limit" property="size"> #first#,#size# </isNotNull>
	</select>

	<select id="Selfitem.selectCount" parameterClass="java.util.Map" resultClass="java.lang.Long">
		select count(*) from selfitem <include refid="Selfitem.WHERE" />
	</select>

	<select id="Selfitem.selectSum" parameterClass="java.util.Map" resultClass="java.lang.Double">
		select sum($field$) as sumField from selfitem <include refid="Selfitem.WHERE" />
	</select>

</sqlMap>
