<?xml version="1.0" encoding="UTF-8"?>
<!DOCTYPE sqlMap PUBLIC "-//ibatis.apache.org//DTD SQL Map 2.0//EN" "http://ibatis.apache.org/dtd/sql-map-2.dtd">

<sqlMap>

	<typeAlias alias="Selfitemagreement" type="com.cslc.dao.selfitemagreement.Selfitemagreement" />

	<sql id="Selfitemagreement.RESULT">
		content,id,title
	</sql>

	<sql id="Selfitemagreement.WHERE">
		<dynamic prepend="where">
			<isNotEmpty prepend="and" property="content"> content = #content:VARCHAR# </isNotEmpty>
			<isNotEmpty prepend="and" property="id"> id = #id:BIGINT# </isNotEmpty>
			<isNotEmpty prepend="and" property="title"> title = #title:VARCHAR# </isNotEmpty>
		</dynamic>
	</sql>

	<select id="Selfitemagreement.selectById" parameterClass="java.lang.Long" resultClass="Selfitemagreement">
		select <include refid="Selfitemagreement.RESULT" /> from selfitemagreement where id = #id:BIGINT#
	</select>

	<insert id="Selfitemagreement.insert" parameterClass="Selfitemagreement">
		insert into selfitemagreement
		<dynamic prepend="(">
			<isNotNull prepend="," property="content"> content </isNotNull>
			<isNotNull prepend="," property="title"> title </isNotNull>
			)
		</dynamic>
		values
		<dynamic prepend="(">
			<isNotNull prepend="," property="content"> #content:VARCHAR# </isNotNull>
			<isNotNull prepend="," property="title"> #title:VARCHAR# </isNotNull>
			)
		</dynamic>
		<selectKey resultClass="java.lang.Long" keyProperty="id">
			<![CDATA[SELECT LAST_INSERT_ID() AS ID ]]>
		</selectKey>
	</insert>

	<delete id="Selfitemagreement.delete" parameterClass="java.lang.Long">
		delete from selfitemagreement where id = #id:BIGINT#
	</delete>

	<update id="Selfitemagreement.update" parameterClass="Selfitemagreement">
		update selfitemagreement
		<dynamic prepend="set">
			<isNotNull prepend="," property="content"> content = #content:VARCHAR# </isNotNull>
			<isNotNull prepend="," property="title"> title = #title:VARCHAR# </isNotNull>
		</dynamic>
		WHERE id = #id:BIGINT#
	</update>

	<select id="Selfitemagreement.select" parameterClass="java.util.Map" resultClass="Selfitemagreement">
		select <include refid="Selfitemagreement.RESULT" /> from selfitemagreement <include refid="Selfitemagreement.WHERE" />
		<isNotNull prepend="order" property="orderBy"> by $orderBy$ </isNotNull>
		<isNotNull prepend="limit" property="size"> #first#,#size# </isNotNull>
	</select>

	<select id="Selfitemagreement.selectCount" parameterClass="java.util.Map" resultClass="java.lang.Long">
		select count(*) from selfitemagreement <include refid="Selfitemagreement.WHERE" />
	</select>

	<select id="Selfitemagreement.selectSum" parameterClass="java.util.Map" resultClass="java.lang.Double">
		select sum($field$) as sumField from selfitemagreement <include refid="Selfitemagreement.WHERE" />
	</select>

</sqlMap>
