<?xml version="1.0" encoding="UTF-8"?>
<beans xmlns="http://www.springframework.org/schema/beans"
	xmlns:xsi="http://www.w3.org/2001/XMLSchema-instance" xmlns:context="http://www.springframework.org/schema/context"
	xsi:schemaLocation="http://www.springframework.org/schema/beans http://www.springframework.org/schema/beans/spring-beans-2.5.xsd
	http://www.springframework.org/schema/context http://www.springframework.org/schema/context/spring-context-2.5.xsd">

	<bean id="propertyConfigurer"
		class="org.springframework.beans.factory.config.PropertyPlaceholderConfigurer">
		<property name="locations">
			<list>
				<value>classpath:/system.properties</value>
				<value>classpath:/memcache.properties</value>
			</list>
		</property>
	</bean>

	<bean id="mysqlDataSource" class="org.apache.commons.dbcp.BasicDataSource"
		destroy-method="close">
		<property name="driverClassName" value="com.mysql.jdbc.Driver" />
		<property name="url" value="${mysql.db.url}" />
		<property name="username" value="${mysql.db.username}" />
		<property name="password">
			<bean class="com.platform.util.EncryptDBUtil">
				<property name="password" value="${mysql.db.password}"></property>
			</bean>
		</property>
		<!-- <property name="maxActive" value="10000" />
		<property name="initialSize" value="500" />
		<property name="minIdle" value="5" />
		<property name="maxIdle" value="20" />
		<property name="logAbandoned" value="true" />
		<property name="removeAbandoned" value="true" />
		<property name="removeAbandonedTimeout" value="10" />
		<property name="maxWait" value="1000" />
		<property name="timeBetweenEvictionRunsMillis" value="10000" />
		<property name="numTestsPerEvictionRun" value="10" />
		<property name="minEvictableIdleTimeMillis" value="10000" /> -->
	</bean>

	<bean id="mysqlClient" class="org.springframework.orm.ibatis.SqlMapClientFactoryBean">
		<property name="dataSource">
			<ref local="mysqlDataSource" />
		</property>
		<property name="configLocation">
			<value>classpath:/sqlmap.xml</value>
		</property>
	</bean>

	<bean id="cacheManager"
		class="org.springframework.cache.ehcache.EhCacheManagerFactoryBean" />
	<bean id="ehcache" class="org.springframework.cache.ehcache.EhCacheFactoryBean">
		<property name="cacheManager" ref="cacheManager" />
		<property name="overflowToDisk" value="true" />
		<property name="timeToLive" value="3600" /><!-- 秒 -->
		<property name="cacheName" value="20120301" />
	</bean>

	<bean id="memcachedClient" class="com.danga.MemCached.MemCachedClient">
		<constructor-arg>
			<value>neeaMemcachedPool</value>
		</constructor-arg>
	</bean>
	<bean id="memcachedPool" class="com.danga.MemCached.SockIOPool"
		factory-method="getInstance" init-method="initialize" destroy-method="shutDown">
		<constructor-arg>
			<value>neeaMemcachedPool</value>
		</constructor-arg>
		<property name="servers">
			<list>
				<value>${memcache.server}</value>
			</list>
		</property>
		<property name="initConn">
			<value>${memcache.initConn}</value>
		</property>
		<property name="minConn">
			<value>${memcache.minConn}</value>
		</property>
		<property name="maxConn">
			<value>${memcache.maxConn}</value>
		</property>
		<property name="maintSleep">
			<value>${memcache.maintSleep}</value>
		</property>
		<property name="nagle">
			<value>${memcache.nagle}</value>
		</property>
		<property name="socketTO">
			<value>${memcache.socketTO}</value>
		</property>
	</bean>

	<import resource="classpath:/system.xml" />
</beans>