<?xml version="1.0" encoding="UTF-8"?>
<!DOCTYPE struts PUBLIC "-//Apache Software Foundation//DTD Struts Configuration 2.0//EN" "http://struts.apache.org/dtds/struts-2.0.dtd">

<struts>
	<include file="struts-default.xml" />

	<constant name="struts.action.extension" value="html" />
	<constant name="struts.i18n.encoding" value="UTF-8" />
	<constant name="struts.objectFactory" value="spring" />

	<package name="app" extends="struts-default">
		<interceptors>
			<interceptor name="urlLogInterceptor" class="com.server.interceptor.UrlLogInterceptor" />
			<interceptor name="serviceDoorInterceptor" class="com.server.interceptor.ServiceDoorInterceptor" />
			<interceptor name="decryptInterceptor" class="com.server.interceptor.DecryptInterceptor" />
			<interceptor name="paramsInterceptor" class="com.platform.interceptor.ParamsInterceptor" />
			<interceptor-stack name="interceptors">
				<interceptor-ref name="urlLogInterceptor" />
				<interceptor-ref name="serviceDoorInterceptor" />
				<interceptor-ref name="decryptInterceptor" />
				<interceptor-ref name="paramsInterceptor" />
				<interceptor-ref name="defaultStack">
					<param name="exception.logEnabled">true</param>
					<param name="exception.logLevel">error</param>
				</interceptor-ref>
			</interceptor-stack>
		</interceptors>
		<default-interceptor-ref name="interceptors" />
		
		<global-results>
			<result name="error" type="redirect">/ddsc/error.html</result>
			<result name="login" type="redirect">/ddsc/login.html</result>
		</global-results>
		
		<global-exception-mappings>
			<exception-mapping result="error" exception="java.lang.Exception"></exception-mapping>
		</global-exception-mappings>
	</package>

</struts>