<?xml version="1.0" encoding="UTF-8"?>
<!DOCTYPE sqlMap PUBLIC "-//ibatis.apache.org//DTD SQL Map 2.0//EN" "http://ibatis.apache.org/dtd/sql-map-2.dtd">

<sqlMap>

	<typeAlias alias="Accountbankcard" type="com.cslc.dao.accountbankcard.Accountbankcard" />

	<sql id="Accountbankcard.RESULT">
		accountid,bankid,createtime,province,city,channel,id,isdefault,bankcardno,branchname,status
	</sql>

	<sql id="Accountbankcard.WHERE">
		<dynamic prepend="where">
			<isNotEmpty prepend="and" property="accountid"> accountid = #accountid:BIGINT# </isNotEmpty>
			<isNotEmpty prepend="and" property="bankid"> bankid = #bankid:BIGINT# </isNotEmpty>
			<isNotEmpty prepend="and" property="createtimeGEt"> createtime <![CDATA[>=]]> #createtimeGEt:DATETIME# </isNotEmpty>
			<isNotEmpty prepend="and" property="createtimeLt"> createtime <![CDATA[<]]> #createtimeLt:DATETIME# </isNotEmpty>
			<isNotEmpty prepend="and" property="createtime"> createtime = #createtime:DATETIME# </isNotEmpty>
			<isNotEmpty prepend="and" property="province"> province = #province:VARCHAR# </isNotEmpty>
			<isNotEmpty prepend="and" property="city"> city = #city:VARCHAR# </isNotEmpty>
			<isNotEmpty prepend="and" property="channel"> channel = #channel:TINYINT# </isNotEmpty>
			<isNotEmpty prepend="and" property="id"> id = #id:BIGINT# </isNotEmpty>
			<isNotEmpty prepend="and" property="isdefault"> isdefault = #isdefault:TINYINT# </isNotEmpty>
			<isNotEmpty prepend="and" property="bankcardno"> bankcardno = #bankcardno:VARCHAR# </isNotEmpty>
			<isNotEmpty prepend="and" property="branchname"> branchname = #branchname:VARCHAR# </isNotEmpty>
			<isNotEmpty prepend="and" property="status"> status = #status:TINYINT# </isNotEmpty>
			<isNotEmpty prepend="and" property="statusIn"> status in ($statusIn$) </isNotEmpty>
		</dynamic>
	</sql>

	<select id="Accountbankcard.selectById" parameterClass="java.lang.Long" resultClass="Accountbankcard">
		select <include refid="Accountbankcard.RESULT" /> from accountbankcard where id = #id:BIGINT#
	</select>

	<insert id="Accountbankcard.insert" parameterClass="Accountbankcard">
		insert into accountbankcard
		<dynamic prepend="(">
			<isNotNull prepend="," property="accountid"> accountid </isNotNull>
			<isNotNull prepend="," property="bankid"> bankid </isNotNull>
			<isNotNull prepend="," property="createtime"> createtime </isNotNull>
			<isNotNull prepend="," property="province"> province </isNotNull>
			<isNotNull prepend="," property="city"> city </isNotNull>
			<isNotNull prepend="," property="channel"> channel </isNotNull>
			<isNotNull prepend="," property="isdefault"> isdefault </isNotNull>
			<isNotNull prepend="," property="bankcardno"> bankcardno </isNotNull>
			<isNotNull prepend="," property="branchname"> branchname </isNotNull>
			<isNotNull prepend="," property="status"> status </isNotNull>
			)
		</dynamic>
		values
		<dynamic prepend="(">
			<isNotNull prepend="," property="accountid"> #accountid:BIGINT# </isNotNull>
			<isNotNull prepend="," property="bankid"> #bankid:BIGINT# </isNotNull>
			<isNotNull prepend="," property="createtime"> #createtime:DATETIME# </isNotNull>
			<isNotNull prepend="," property="province"> #province:VARCHAR# </isNotNull>
			<isNotNull prepend="," property="city"> #city:VARCHAR# </isNotNull>
			<isNotNull prepend="," property="channel"> #channel:TINYINT# </isNotNull>
			<isNotNull prepend="," property="isdefault"> #isdefault:TINYINT# </isNotNull>
			<isNotNull prepend="," property="bankcardno"> #bankcardno:VARCHAR# </isNotNull>
			<isNotNull prepend="," property="branchname"> #branchname:VARCHAR# </isNotNull>
			<isNotNull prepend="," property="status"> #status:TINYINT# </isNotNull>
			)
		</dynamic>
		<selectKey resultClass="java.lang.Long" keyProperty="id">
			<![CDATA[SELECT LAST_INSERT_ID() AS ID ]]>
		</selectKey>
	</insert>

	<delete id="Accountbankcard.delete" parameterClass="java.lang.Long">
		delete from accountbankcard where id = #id:BIGINT#
	</delete>

	<update id="Accountbankcard.update" parameterClass="Accountbankcard">
		update accountbankcard
		<dynamic prepend="set">
			<isNotNull prepend="," property="accountid"> accountid = #accountid:BIGINT# </isNotNull>
			<isNotNull prepend="," property="bankid"> bankid = #bankid:BIGINT# </isNotNull>
			<isNotNull prepend="," property="province"> province = #province:VARCHAR# </isNotNull>
			<isNotNull prepend="," property="city"> city = #city:VARCHAR# </isNotNull>
			<isNotNull prepend="," property="channel"> channel = #channel:TINYINT# </isNotNull>
			<isNotNull prepend="," property="isdefault"> isdefault = #isdefault:TINYINT# </isNotNull>
			<isNotNull prepend="," property="bankcardno"> bankcardno = #bankcardno:VARCHAR# </isNotNull>
			<isNotNull prepend="," property="branchname"> branchname = #branchname:VARCHAR# </isNotNull>
			<isNotNull prepend="," property="status"> status = #status:TINYINT# </isNotNull>
		</dynamic>
		WHERE id = #id:BIGINT#
	</update>

	<select id="Accountbankcard.select" parameterClass="java.util.Map" resultClass="Accountbankcard">
		select <include refid="Accountbankcard.RESULT" /> from accountbankcard <include refid="Accountbankcard.WHERE" />
		<isNotNull prepend="order" property="orderBy"> by $orderBy$ </isNotNull>
		<isNotNull prepend="limit" property="size"> #first#,#size# </isNotNull>
	</select>

	<select id="Accountbankcard.selectCount" parameterClass="java.util.Map" resultClass="java.lang.Long">
		select count(*) from accountbankcard <include refid="Accountbankcard.WHERE" />
	</select>

	<select id="Accountbankcard.selectSum" parameterClass="java.util.Map" resultClass="java.lang.Double">
		select sum($field$) as sumField from accountbankcard <include refid="Accountbankcard.WHERE" />
	</select>

</sqlMap>
