<?xml version="1.0" encoding="UTF-8"?>
<!DOCTYPE sqlMap PUBLIC "-//ibatis.apache.org//DTD SQL Map 2.0//EN" "http://ibatis.apache.org/dtd/sql-map-2.dtd">

<sqlMap>

	<typeAlias alias="Sms" type="com.cslc.dao.sms.Sms" />

	<sql id="Sms.RESULT">
		createtime,sendtime,verifycode,mobile,channel,id,category,verifytime,content,status
	</sql>

	<sql id="Sms.WHERE">
		<dynamic prepend="where">
			<isNotEmpty prepend="and" property="createtime"> createtime = #createtime:DATETIME# </isNotEmpty>
			<isNotEmpty prepend="and" property="createtimeGEt"> createtime <![CDATA[>=]]> #createtimeGEt:DATETIME# </isNotEmpty>
			<isNotEmpty prepend="and" property="createtimeLt"> createtime <![CDATA[<]]> #createtimeLt:DATETIME# </isNotEmpty>
			<isNotEmpty prepend="and" property="sendtime"> sendtime = #sendtime:DATETIME# </isNotEmpty>
			<isNotEmpty prepend="and" property="verifycode"> verifycode = #verifycode:VARCHAR# </isNotEmpty>
			<isNotEmpty prepend="and" property="mobile"> mobile = #mobile:VARCHAR# </isNotEmpty>
			<isNotEmpty prepend="and" property="channel"> channel = #channel:TINYINT# </isNotEmpty>
			<isNotEmpty prepend="and" property="id"> id = #id:BIGINT# </isNotEmpty>
			<isNotEmpty prepend="and" property="category"> category = #category:INT# </isNotEmpty>
			<isNotEmpty prepend="and" property="verifytime"> verifytime = #verifytime:DATETIME# </isNotEmpty>
			<isNotEmpty prepend="and" property="content"> content = #content:VARCHAR# </isNotEmpty>
			<isNotEmpty prepend="and" property="status"> status = #status:TINYINT# </isNotEmpty>
			<isNotEmpty prepend="and" property="daystime"><![CDATA[ABS(TIMESTAMPDIFF(DAY,createtime,#daystime:DATETIME#)) <= #days:INT#]]></isNotEmpty>
			<isNotEmpty prepend="and" property="minutestime"><![CDATA[ABS(TIMESTAMPDIFF(MINUTE,createtime,#minutestime:DATETIME#)) <= #minutes:INT#]]></isNotEmpty>
		</dynamic>
	</sql>

	<select id="Sms.selectById" parameterClass="java.lang.Long" resultClass="Sms">
		select <include refid="Sms.RESULT" /> from sms where id = #id:BIGINT#
	</select>

	<insert id="Sms.insert" parameterClass="Sms">
		insert into sms
		<dynamic prepend="(">
			<isNotNull prepend="," property="createtime"> createtime </isNotNull>
			<isNotNull prepend="," property="sendtime"> sendtime </isNotNull>
			<isNotNull prepend="," property="verifycode"> verifycode </isNotNull>
			<isNotNull prepend="," property="mobile"> mobile </isNotNull>
			<isNotNull prepend="," property="channel"> channel </isNotNull>
			<isNotNull prepend="," property="category"> category </isNotNull>
			<isNotNull prepend="," property="verifytime"> verifytime </isNotNull>
			<isNotNull prepend="," property="content"> content </isNotNull>
			<isNotNull prepend="," property="status"> status </isNotNull>
			)
		</dynamic>
		values
		<dynamic prepend="(">
			<isNotNull prepend="," property="createtime"> #createtime:DATETIME# </isNotNull>
			<isNotNull prepend="," property="sendtime"> #sendtime:DATETIME# </isNotNull>
			<isNotNull prepend="," property="verifycode"> #verifycode:VARCHAR# </isNotNull>
			<isNotNull prepend="," property="mobile"> #mobile:VARCHAR# </isNotNull>
			<isNotNull prepend="," property="channel"> #channel:TINYINT# </isNotNull>
			<isNotNull prepend="," property="category"> #category:INT# </isNotNull>
			<isNotNull prepend="," property="verifytime"> #verifytime:DATETIME# </isNotNull>
			<isNotNull prepend="," property="content"> #content:VARCHAR# </isNotNull>
			<isNotNull prepend="," property="status"> #status:TINYINT# </isNotNull>
			)
		</dynamic>
		<selectKey resultClass="java.lang.Long" keyProperty="id">
			<![CDATA[SELECT LAST_INSERT_ID() AS ID ]]>
		</selectKey>
	</insert>

	<delete id="Sms.delete" parameterClass="java.lang.Long">
		delete from sms where id = #id:BIGINT#
	</delete>

	<update id="Sms.update" parameterClass="Sms">
		update sms
		<dynamic prepend="set">
			<isNotNull prepend="," property="verifycode"> verifycode = #verifycode:VARCHAR# </isNotNull>
			<isNotNull prepend="," property="mobile"> mobile = #mobile:VARCHAR# </isNotNull>
			<isNotNull prepend="," property="channel"> channel = #channel:TINYINT# </isNotNull>
			<isNotNull prepend="," property="category"> category = #category:INT# </isNotNull>
			<isNotNull prepend="," property="verifytime"> verifytime = #verifytime:DATETIME# </isNotNull>
			<isNotNull prepend="," property="sendtime"> sendtime = #sendtime:DATETIME# </isNotNull>
			<isNotNull prepend="," property="content"> content = #content:VARCHAR# </isNotNull>
			<isNotNull prepend="," property="status"> status = #status:TINYINT# </isNotNull>
		</dynamic>
		WHERE id = #id:BIGINT#
	</update>

	<select id="Sms.select" parameterClass="java.util.Map" resultClass="Sms">
		select <include refid="Sms.RESULT" /> from sms <include refid="Sms.WHERE" />
		<isNotNull prepend="order" property="orderBy"> by $orderBy$ </isNotNull>
		<isNotNull prepend="limit" property="size"> #first#,#size# </isNotNull>
	</select>

	<select id="Sms.selectCount" parameterClass="java.util.Map" resultClass="java.lang.Long">
		select count(*) from sms <include refid="Sms.WHERE" />
	</select>

	<select id="Sms.selectSum" parameterClass="java.util.Map" resultClass="java.lang.Double">
		select sum($field$) as sumField from sms <include refid="Sms.WHERE" />
	</select>

</sqlMap>
