<?xml version="1.0" encoding="UTF-8"?>
<!DOCTYPE sqlMap PUBLIC "-//ibatis.apache.org//DTD SQL Map 2.0//EN" "http://ibatis.apache.org/dtd/sql-map-2.dtd">

<sqlMap>

	<typeAlias alias="Account" type="com.cslc.dao.account.Account" />

	<sql id="Account.RESULT">
		createtime,dynamicpwd,loginpwd,invitecode,inviteid,channel,mobile,tradecount,idcardno,lastlogintime,realname,lasttradetime,id,category,status
	</sql>

	<sql id="Account.WHERE">
		<dynamic prepend="where">
			<isNotEmpty prepend="and" property="createtimeGEt"> createtime <![CDATA[>=]]> #createtimeGEt:DATETIME# </isNotEmpty>
			<isNotEmpty prepend="and" property="createtimeLt"> createtime <![CDATA[<]]> #createtimeLt:DATETIME# </isNotEmpty>
			<isNotEmpty prepend="and" property="dynamicpwd"> dynamicpwd = #dynamicpwd:VARCHAR# </isNotEmpty>
			<isNotEmpty prepend="and" property="loginpwd"> loginpwd = #loginpwd:VARCHAR# </isNotEmpty>
			<isNotEmpty prepend="and" property="invitecode"> invitecode = #invitecode:VARCHAR# </isNotEmpty>
			<isNotEmpty prepend="and" property="inviteid"> inviteid = #inviteid:BIGINT# </isNotEmpty>
			<isNotEmpty prepend="and" property="channel"> channel = #channel:VARCHAR# </isNotEmpty>
			<isNotEmpty prepend="and" property="mobile"> mobile = #mobile:VARCHAR# </isNotEmpty>
			<isNotEmpty prepend="and" property="tradecount"> tradecount = #tradecount:INT# </isNotEmpty>
			<isNotEmpty prepend="and" property="idcardno"> idcardno = #idcardno:VARCHAR# </isNotEmpty>
			<isNotEmpty prepend="and" property="lastlogintime"> lastlogintime = #lastlogintime:DATETIME# </isNotEmpty>
			<isNotEmpty prepend="and" property="realname"> realname = #realname:VARCHAR# </isNotEmpty>
			<isNotEmpty prepend="and" property="lasttradetime"> lasttradetime = #lasttradetime:DATETIME# </isNotEmpty>
			<isNotEmpty prepend="and" property="id"> id = #id:BIGINT# </isNotEmpty>
			<isNotEmpty prepend="and" property="category"> category = #category:TINYINT# </isNotEmpty>
			<isNotEmpty prepend="and" property="status"> status = #status:TINYINT# </isNotEmpty>
		</dynamic>
	</sql>

	<select id="Account.selectById" parameterClass="java.lang.Long" resultClass="Account">
		select <include refid="Account.RESULT" /> from account where id = #id:BIGINT#
	</select>

	<insert id="Account.insert" parameterClass="Account">
		insert into account
		<dynamic prepend="(">
			<isNotNull prepend="," property="createtime"> createtime </isNotNull>
			<isNotNull prepend="," property="dynamicpwd"> dynamicpwd </isNotNull>
			<isNotNull prepend="," property="loginpwd"> loginpwd </isNotNull>
			<isNotNull prepend="," property="invitecode"> invitecode </isNotNull>
			<isNotNull prepend="," property="inviteid"> inviteid </isNotNull>
			<isNotNull prepend="," property="channel"> channel </isNotNull>
			<isNotNull prepend="," property="mobile"> mobile </isNotNull>
			<isNotNull prepend="," property="tradecount"> tradecount </isNotNull>
			<isNotNull prepend="," property="idcardno"> idcardno </isNotNull>
			<isNotNull prepend="," property="lastlogintime"> lastlogintime </isNotNull>
			<isNotNull prepend="," property="realname"> realname </isNotNull>
			<isNotNull prepend="," property="lasttradetime"> lasttradetime </isNotNull>
			<isNotNull prepend="," property="category"> category </isNotNull>
			<isNotNull prepend="," property="status"> status </isNotNull>
			)
		</dynamic>
		values
		<dynamic prepend="(">
			<isNotNull prepend="," property="createtime"> #createtime:DATETIME# </isNotNull>
			<isNotNull prepend="," property="dynamicpwd"> #dynamicpwd:VARCHAR# </isNotNull>
			<isNotNull prepend="," property="loginpwd"> #loginpwd:VARCHAR# </isNotNull>
			<isNotNull prepend="," property="invitecode"> #invitecode:VARCHAR# </isNotNull>
			<isNotNull prepend="," property="inviteid"> #inviteid:BIGINT# </isNotNull>
			<isNotNull prepend="," property="channel"> #channel:VARCHAR# </isNotNull>
			<isNotNull prepend="," property="mobile"> #mobile:VARCHAR# </isNotNull>
			<isNotNull prepend="," property="tradecount"> #tradecount:INT# </isNotNull>
			<isNotNull prepend="," property="idcardno"> #idcardno:VARCHAR# </isNotNull>
			<isNotNull prepend="," property="lastlogintime"> #lastlogintime:DATETIME# </isNotNull>
			<isNotNull prepend="," property="realname"> #realname:VARCHAR# </isNotNull>
			<isNotNull prepend="," property="lasttradetime"> #lasttradetime:DATETIME# </isNotNull>
			<isNotNull prepend="," property="category"> #category:TINYINT# </isNotNull>
			<isNotNull prepend="," property="status"> #status:TINYINT# </isNotNull>
			)
		</dynamic>
		<selectKey resultClass="java.lang.Long" keyProperty="id">
			<![CDATA[SELECT LAST_INSERT_ID() AS ID ]]>
		</selectKey>
	</insert>

	<delete id="Account.delete" parameterClass="java.lang.Long">
		delete from account where id = #id:BIGINT#
	</delete>

	<update id="Account.update" parameterClass="Account">
		update account
		<dynamic prepend="set">
			<isNotNull prepend="," property="dynamicpwd"> dynamicpwd = #dynamicpwd:VARCHAR# </isNotNull>
			<isNotNull prepend="," property="loginpwd"> loginpwd = #loginpwd:VARCHAR# </isNotNull>
			<isNotNull prepend="," property="invitecode"> invitecode = #invitecode:VARCHAR# </isNotNull>
			<isNotNull prepend="," property="inviteid"> inviteid = #inviteid:BIGINT# </isNotNull>
			<isNotNull prepend="," property="channel"> channel = #channel:VARCHAR# </isNotNull>
			<isNotNull prepend="," property="mobile"> mobile = #mobile:VARCHAR# </isNotNull>
			<isNotNull prepend="," property="tradecount"> tradecount = #tradecount:INT# </isNotNull>
			<isNotNull prepend="," property="idcardno"> idcardno = #idcardno:VARCHAR# </isNotNull>
			<isNotNull prepend="," property="lastlogintime"> lastlogintime = #lastlogintime:DATETIME# </isNotNull>
			<isNotNull prepend="," property="realname"> realname = #realname:VARCHAR# </isNotNull>
			<isNotNull prepend="," property="lasttradetime"> lasttradetime = #lasttradetime:DATETIME# </isNotNull>
			<isNotNull prepend="," property="category"> category = #category:TINYINT# </isNotNull>
			<isNotNull prepend="," property="status"> status = #status:TINYINT# </isNotNull>
		</dynamic>
		WHERE id = #id:BIGINT#
	</update>

	<select id="Account.select" parameterClass="java.util.Map" resultClass="Account">
		select <include refid="Account.RESULT" /> from account <include refid="Account.WHERE" />
		<isNotNull prepend="order" property="orderBy"> by $orderBy$ </isNotNull>
		<isNotNull prepend="limit" property="size"> #first#,#size# </isNotNull>
	</select>

	<select id="Account.selectCount" parameterClass="java.util.Map" resultClass="java.lang.Long">
		select count(*) from account <include refid="Account.WHERE" />
	</select>

	<select id="Account.selectSum" parameterClass="java.util.Map" resultClass="java.lang.Double">
		select sum($field$) as sumField from account <include refid="Account.WHERE" />
	</select>

</sqlMap>
