<?xml version="1.0" encoding="UTF-8"?>
<!DOCTYPE sqlMap PUBLIC "-//ibatis.apache.org//DTD SQL Map 2.0//EN" "http://ibatis.apache.org/dtd/sql-map-2.dtd">

<sqlMap>

	<typeAlias alias="Systemlog" type="com.cslc.dao.systemlog.Systemlog" />

	<sql id="Systemlog.RESULT">
		content,createtime,category,accountid
	</sql>

	<sql id="Systemlog.WHERE">
		<dynamic prepend="where">
		    <isNotEmpty prepend="and" property="createtimeGEt"> createtime <![CDATA[>=]]> #createtimeGEt:DATETIME# </isNotEmpty>
			<isNotEmpty prepend="and" property="createtimeLt"> createtime <![CDATA[<]]> #createtimeLt:DATETIME# </isNotEmpty>
			<isNotEmpty prepend="and" property="content"> content = #content:VARCHAR# </isNotEmpty>
			<isNotEmpty prepend="and" property="createtime"> createtime = #createtime:DATETIME# </isNotEmpty>
			<isNotEmpty prepend="and" property="createtimeGEt"> createtime <![CDATA[>=]]> #createtimeGEt:DATETIME# </isNotEmpty>
			<isNotEmpty prepend="and" property="category"> category = #category:TINYINT# </isNotEmpty>
			<isNotEmpty prepend="and" property="accountid"> accountid = #accountid:BIGINT# </isNotEmpty>
		</dynamic>
	</sql>

	<select id="Systemlog.selectById" parameterClass="java.lang.Long" resultClass="Systemlog">
		select <include refid="Systemlog.RESULT" /> from systemlog where createtime = #createtime:DATETIME#
	</select>

	<insert id="Systemlog.insert" parameterClass="Systemlog">
		insert into systemlog
		<dynamic prepend="(">
			<isNotNull prepend="," property="content"> content </isNotNull>
			<isNotNull prepend="," property="createtime"> createtime </isNotNull>
			<isNotNull prepend="," property="category"> category </isNotNull>
			<isNotNull prepend="," property="accountid"> accountid </isNotNull>
			)
		</dynamic>
		values
		<dynamic prepend="(">
			<isNotNull prepend="," property="content"> #content:VARCHAR# </isNotNull>
			<isNotNull prepend="," property="createtime"> #createtime:DATETIME# </isNotNull>
			<isNotNull prepend="," property="category"> #category:TINYINT# </isNotNull>
			<isNotNull prepend="," property="accountid"> #accountid:BIGINT# </isNotNull>
			)
		</dynamic>
	</insert>

	<delete id="Systemlog.delete" parameterClass="java.lang.Long">
		delete from systemlog where createtime = #createtime:DATETIME#
	</delete>

	<update id="Systemlog.update" parameterClass="Systemlog">
		update systemlog
		<dynamic prepend="set">
			<isNotNull prepend="," property="content"> content = #content:VARCHAR# </isNotNull>
			<isNotNull prepend="," property="category"> category = #category:TINYINT# </isNotNull>
			<isNotNull prepend="," property="accountid"> accountid = #accountid:BIGINT# </isNotNull>
		</dynamic>
		WHERE createtime = #createtime:DATETIME#
	</update>

	<select id="Systemlog.select" parameterClass="java.util.Map" resultClass="Systemlog">
		select <include refid="Systemlog.RESULT" /> from systemlog <include refid="Systemlog.WHERE" />
		<isNotNull prepend="order" property="orderBy"> by $orderBy$ </isNotNull>
		<isNotNull prepend="limit" property="size"> #first#,#size# </isNotNull>
	</select>

	<select id="Systemlog.selectCount" parameterClass="java.util.Map" resultClass="java.lang.Long">
		select count(*) from systemlog <include refid="Systemlog.WHERE" />
	</select>

	<select id="Systemlog.selectSum" parameterClass="java.util.Map" resultClass="java.lang.Double">
		select sum($field$) as sumField from systemlog <include refid="Systemlog.WHERE" />
	</select>

</sqlMap>
