<?xml version="1.0" encoding="UTF-8"?>
<!DOCTYPE sqlMap PUBLIC "-//ibatis.apache.org//DTD SQL Map 2.0//EN" "http://ibatis.apache.org/dtd/sql-map-2.dtd">

<sqlMap>

	<typeAlias alias="Selfitemproject" type="com.cslc.dao.selfitemproject.Selfitemproject" />

	<sql id="Selfitemproject.RESULT">
		id,title,json,selfitemagreementid
	</sql>

	<sql id="Selfitemproject.WHERE">
		<dynamic prepend="where">
			<isNotEmpty prepend="and" property="id"> id = #id:BIGINT# </isNotEmpty>
			<isNotEmpty prepend="and" property="title"> title = #title:VARCHAR# </isNotEmpty>
			<isNotEmpty prepend="and" property="json"> json = #json:VARCHAR# </isNotEmpty>
			<isNotEmpty prepend="and" property="selfitemagreementid"> selfitemagreementid = #selfitemagreementid:BIGINT# </isNotEmpty>
		</dynamic>
	</sql>

	<select id="Selfitemproject.selectById" parameterClass="java.lang.Long" resultClass="Selfitemproject">
		select <include refid="Selfitemproject.RESULT" /> from selfitemproject where id = #id:BIGINT#
	</select>

	<insert id="Selfitemproject.insert" parameterClass="Selfitemproject">
		insert into selfitemproject
		<dynamic prepend="(">
			<isNotNull prepend="," property="title"> title </isNotNull>
			<isNotNull prepend="," property="json"> json </isNotNull>
			<isNotNull prepend="," property="selfitemagreementid"> selfitemagreementid </isNotNull>
			)
		</dynamic>
		values
		<dynamic prepend="(">
			<isNotNull prepend="," property="title"> #title:VARCHAR# </isNotNull>
			<isNotNull prepend="," property="json"> #json:VARCHAR# </isNotNull>
			<isNotNull prepend="," property="selfitemagreementid"> #selfitemagreementid:BIGINT# </isNotNull>
			)
		</dynamic>
		<selectKey resultClass="java.lang.Long" keyProperty="id">
			<![CDATA[SELECT LAST_INSERT_ID() AS ID ]]>
		</selectKey>
	</insert>

	<delete id="Selfitemproject.delete" parameterClass="java.lang.Long">
		delete from selfitemproject where id = #id:BIGINT#
	</delete>

	<update id="Selfitemproject.update" parameterClass="Selfitemproject">
		update selfitemproject
		<dynamic prepend="set">
			<isNotNull prepend="," property="title"> title = #title:VARCHAR# </isNotNull>
			<isNotNull prepend="," property="json"> json = #json:VARCHAR# </isNotNull>
			<isNotNull prepend="," property="selfitemagreementid"> selfitemagreementid = #selfitemagreementid:BIGINT# </isNotNull>
		</dynamic>
		WHERE id = #id:BIGINT#
	</update>

	<select id="Selfitemproject.select" parameterClass="java.util.Map" resultClass="Selfitemproject">
		select <include refid="Selfitemproject.RESULT" /> from selfitemproject <include refid="Selfitemproject.WHERE" />
		<isNotNull prepend="order" property="orderBy"> by $orderBy$ </isNotNull>
		<isNotNull prepend="limit" property="size"> #first#,#size# </isNotNull>
	</select>

	<select id="Selfitemproject.selectCount" parameterClass="java.util.Map" resultClass="java.lang.Long">
		select count(*) from selfitemproject <include refid="Selfitemproject.WHERE" />
	</select>

	<select id="Selfitemproject.selectSum" parameterClass="java.util.Map" resultClass="java.lang.Double">
		select sum($field$) as sumField from selfitemproject <include refid="Selfitemproject.WHERE" />
	</select>

</sqlMap>
